name,url,score,price
峨眉山花园城度假酒店,https://hotels.ctrip.com/hotel/1195421.html?isFull=F,4.7,314
峨眉山幸福树酒店,https://hotels.ctrip.com/hotel/449219.html?isFull=F,4.8,109
峨眉山绕佛阁度假酒店,https://hotels.ctrip.com/hotel/19920616.html?isFull=F,4.8,559
峨眉山御泉湾温泉酒店,https://hotels.ctrip.com/hotel/14251032.html?isFull=F,4.6,777
峨眉山饭店(灵秀温泉),https://hotels.ctrip.com/hotel/436898.html?isFull=F,4.6,359
丽呈别院·峨眉禅泉,https://hotels.ctrip.com/hotel/21161763.html?isFull=F,4.6,655
峨眉山大酒店,https://hotels.ctrip.com/hotel/436962.html?isFull=F,4.7,400
洪雅禅驿·半山院子,https://hotels.ctrip.com/hotel/6853764.html?isFull=F,4.7,917
峨眉山浮生宿迹·民宿,https://hotels.ctrip.com/hotel/37892568.html?isFull=F,4.8,515
峨眉山拜愚庭云涧温泉艺术酒店,https://hotels.ctrip.com/hotel/689713.html?isFull=F,4.7,609
峨眉山蓝光己庄·悟啦啦主题亲子酒店,https://hotels.ctrip.com/hotel/1987915.html?isFull=F,4.9,1810
峨眉山斯维登度假公寓(峨眉青庐),https://hotels.ctrip.com/hotel/1232309.html?isFull=F,4.7,245
洪雅远山云驿民宿,https://hotels.ctrip.com/hotel/26877209.html?isFull=F,4.6,881
峨眉山印主题山与湖酒店,https://hotels.ctrip.com/hotel/49507144.html?isFull=F,4.9,476
峨眉山温泉饭店,https://hotels.ctrip.com/hotel/2024486.html?isFull=F,4.6,439
峨眉山御泉湾·倚泉居酒店,https://hotels.ctrip.com/hotel/49101362.html?isFull=F,4.8,684
峨眉山欣隆门精品酒店,https://hotels.ctrip.com/hotel/43714929.html?isFull=F,4.8,348
城市便捷酒店(峨眉山店),https://hotels.ctrip.com/hotel/447533.html?isFull=F,4.8,199
峨眉山荷堂揽月温泉民宿,https://hotels.ctrip.com/hotel/36331957.html?isFull=F,4.8,645
拈花溪峨眉山精品温泉民宿,https://hotels.ctrip.com/hotel/6824614.html?isFull=F,4.7,689
峨眉山蓝光己庄酒店,https://hotels.ctrip.com/hotel/697905.html?isFull=F,4.8,1599
峨眉山璞澜丽呈酒店,https://hotels.ctrip.com/hotel/52839059.html?isFull=F,4.8,461
峨眉山漫雅温泉度假酒店,https://hotels.ctrip.com/hotel/48265007.html?isFull=F,4.8,146
峨眉山逸闲庄度假酒店,https://hotels.ctrip.com/hotel/1289341.html?isFull=F,4.8,237
峨眉山瑜伽温泉酒店,https://hotels.ctrip.com/hotel/5550442.html?isFull=F,4.6,266
峨眉山智选假日酒店,https://hotels.ctrip.com/hotel/6413361.html?isFull=F,4.7,417
峨眉山勐巴拉酒店,https://hotels.ctrip.com/hotel/939808.html?isFull=F,4.8,101
峨眉山隐舍精品酒店,https://hotels.ctrip.com/hotel/826066.html?isFull=F,4.8,243
峨眉山恒迈酒店,https://hotels.ctrip.com/hotel/6852211.html?isFull=F,4.8,474
维也纳智好酒店(峨眉站水晶广场店),https://hotels.ctrip.com/hotel/1210293.html?isFull=F,4.9,249
Q加·花涧凤缘酒店(峨眉山报国寺店),https://hotels.ctrip.com/hotel/447011.html?isFull=F,4.9,133
雷洞坪友好饭店,https://hotels.ctrip.com/hotel/1841892.html?isFull=F,4.8,442
峨眉山悦舍精品酒店,https://hotels.ctrip.com/hotel/24057555.html?isFull=F,4.8,215
福缘·缘起山居(峨眉山五显岗店),https://hotels.ctrip.com/hotel/21132661.html?isFull=F,4.8,283
峨眉山莫奈艺术酒店,https://hotels.ctrip.com/hotel/62636175.html?isFull=F,4.9,525
Q加·鸽子花儿精品酒店(峨眉山报国寺店),https://hotels.ctrip.com/hotel/1875388.html?isFull=F,4.6,59
峨眉山巢壳假日酒店,https://hotels.ctrip.com/hotel/19828276.html?isFull=F,4.8,187
峨眉山悠途之家主题酒店,https://hotels.ctrip.com/hotel/11478117.html?isFull=F,4.8,91
峨眉山澜柏酒店,https://hotels.ctrip.com/hotel/688756.html?isFull=F,4.7,140
峨眉山木子酒店,https://hotels.ctrip.com/hotel/61669553.html?isFull=F,4.9,232
峨眉山梵星山舍,https://hotels.ctrip.com/hotel/15881667.html?isFull=F,4.8,733
骏怡酒店(峨眉山北门桥店),https://hotels.ctrip.com/hotel/56596866.html?isFull=F,4.9,143
峨眉山金瑞花园酒店,https://hotels.ctrip.com/hotel/654653.html?isFull=F,4.6,194
峨眉山灵境别院,https://hotels.ctrip.com/hotel/29855077.html?isFull=F,4.6,380
峨眉山清音谷度假庄园,https://hotels.ctrip.com/hotel/3364796.html?isFull=F,4.7,192
峨眉山黄湾小镇两间民宿,https://hotels.ctrip.com/hotel/21162531.html?isFull=F,4.9,164
雅鑫度假酒店(峨眉山七里坪店),https://hotels.ctrip.com/hotel/4628989.html?isFull=F,4.8,415
峨眉山IN·栖度假公寓,https://hotels.ctrip.com/hotel/21718024.html?isFull=F,4.8,128
峨眉山千寻山居客栈,https://hotels.ctrip.com/hotel/29925858.html?isFull=F,4.9,206
峨眉山可可木酒店,https://hotels.ctrip.com/hotel/2266409.html?isFull=F,4.9,120
峨眉山宾馆,https://hotels.ctrip.com/hotel/974848.html?isFull=F,4.5,208
五悦·悦心酒店(峨眉山黄湾小镇店),https://hotels.ctrip.com/hotel/25039008.html?isFull=F,4.8,206
峨眉山珀荟酒店,https://hotels.ctrip.com/hotel/4826489.html?isFull=F,4.7,172
峨眉山纯院·良宿酒店,https://hotels.ctrip.com/hotel/21800852.html?isFull=F,4.8,256
花筑·峨眉山四季印象酒店,https://hotels.ctrip.com/hotel/2010584.html?isFull=F,4.7,156
橡树缘连锁精品主题酒店(峨眉山报国寺店),https://hotels.ctrip.com/hotel/1562112.html?isFull=F,4.8,121
峨眉山楠亭轩酒店,https://hotels.ctrip.com/hotel/1283056.html?isFull=F,4.8,137
峨眉山3077客栈,https://hotels.ctrip.com/hotel/684732.html?isFull=F,4.3,191
峨眉山花家过客栈,https://hotels.ctrip.com/hotel/30840158.html?isFull=F,4.9,149
峨眉山怡游民宿,https://hotels.ctrip.com/hotel/41841518.html?isFull=F,4.9,146
峨眉山山居日记民宿,https://hotels.ctrip.com/hotel/31575768.html?isFull=F,4.9,204
峨眉山凯悦商务酒店,https://hotels.ctrip.com/hotel/8399724.html?isFull=F,4.5,130
峨眉山途窝假日庄园(观景楼),https://hotels.ctrip.com/hotel/6114642.html?isFull=F,4.7,301
峨眉山森呼吸民宿,https://hotels.ctrip.com/hotel/24057051.html?isFull=F,4.9,199
峨眉山遇见你民宿,https://hotels.ctrip.com/hotel/23853248.html?isFull=F,4.9,197
峨眉山浩南度假精品民宿,https://hotels.ctrip.com/hotel/43703751.html?isFull=F,4.7,284
峨眉山秀园宾馆,https://hotels.ctrip.com/hotel/1602192.html?isFull=F,4.3,152
峨眉山神水大酒店,https://hotels.ctrip.com/hotel/3032000.html?isFull=F,4.5,115
峨眉山普思假日酒店,https://hotels.ctrip.com/hotel/4810199.html?isFull=F,4.6,119
峨眉山芷筑温泉度假酒店,https://hotels.ctrip.com/hotel/50291489.html?isFull=F,4.7,1458
峨眉山归宿客栈,https://hotels.ctrip.com/hotel/29783405.html?isFull=F,4.9,141
峨眉山水喜客栈,https://hotels.ctrip.com/hotel/2147799.html?isFull=F,4.9,306
峨眉山卷舒堂度假酒店,https://hotels.ctrip.com/hotel/23886290.html?isFull=F,4.7,198
峨眉山秀湖阳光酒店,https://hotels.ctrip.com/hotel/1642458.html?isFull=F,4.8,205
峨眉山山神酒店,https://hotels.ctrip.com/hotel/532308.html?isFull=T,4.8,119
维也纳酒店（峨眉山高铁站店）,https://hotels.ctrip.com/hotel/45843572.html?isFull=F,4.8,133
峨眉山逸鑫商务酒店,https://hotels.ctrip.com/hotel/6829367.html?isFull=F,,80
峨眉山恒邦艾美度假酒店,https://hotels.ctrip.com/hotel/6839302.html?isFull=F,4.7,781
峨眉山上座酒店,https://hotels.ctrip.com/hotel/6763698.html?isFull=F,4.8,211
峨眉山雷洞坪留香阁饭店,https://hotels.ctrip.com/hotel/2135602.html?isFull=F,4.5,236
峨眉山金顶大酒店(悦霞楼),https://hotels.ctrip.com/hotel/4494374.html?isFull=F,4.6,1222
峨眉山养心寨酒店,https://hotels.ctrip.com/hotel/1215845.html?isFull=F,4.6,456
盛世樊花艺术酒店(峨眉山阿富尔连锁店),https://hotels.ctrip.com/hotel/46776584.html?isFull=F,4.8,169
峨眉山兴鑫商务酒店,https://hotels.ctrip.com/hotel/54590236.html?isFull=F,5.0,134
峨眉山爱米酒店,https://hotels.ctrip.com/hotel/31198759.html?isFull=F,4.9,159
峨眉山月亮湾酒店,https://hotels.ctrip.com/hotel/1272796.html?isFull=F,4.6,113
峨眉山大清帝国民宅,https://hotels.ctrip.com/hotel/22257244.html?isFull=F,,439
峨眉山尚品酒店,https://hotels.ctrip.com/hotel/1847163.html?isFull=F,4.9,173
峨眉山乐为客轻居酒店,https://hotels.ctrip.com/hotel/5073398.html?isFull=F,4.9,212
峨眉山浅茶居客栈,https://hotels.ctrip.com/hotel/54589381.html?isFull=F,4.8,358
峨眉山金顶大酒店,https://hotels.ctrip.com/hotel/473217.html?isFull=F,4.3,867
峨眉山名山大酒店(泰式风情楼),https://hotels.ctrip.com/hotel/6709125.html?isFull=F,4.3,238
峨眉山浥栈民宿,https://hotels.ctrip.com/hotel/47624314.html?isFull=F,5.0,188
峨眉山一方民宿,https://hotels.ctrip.com/hotel/63351988.html?isFull=F,,331
峨眉山金顶山庄,https://hotels.ctrip.com/hotel/447910.html?isFull=F,3.7,661
峨眉山方聚设计师民宿,https://hotels.ctrip.com/hotel/46841607.html?isFull=F,4.9,545
峨眉山友宜大酒店,https://hotels.ctrip.com/hotel/801211.html?isFull=F,4.4,127
峨眉山云海金龙酒店,https://hotels.ctrip.com/hotel/11428944.html?isFull=F,4.9,1156
峨眉山墨庄·不壹酒店,https://hotels.ctrip.com/hotel/23893990.html?isFull=F,4.8,345
峨眉山秀色饭店,https://hotels.ctrip.com/hotel/15814572.html?isFull=T,4.8,112
峨眉山零公里紫仙居休闲酒店,https://hotels.ctrip.com/hotel/8624754.html?isFull=F,4.7,255
峨眉山般若·莲客栈,https://hotels.ctrip.com/hotel/5696044.html?isFull=F,4.8,71
峨眉山原舍酒店,https://hotels.ctrip.com/hotel/2135551.html?isFull=F,4.7,165
峨眉山缘栖智家酒店,https://hotels.ctrip.com/hotel/21801926.html?isFull=F,5.0,171
峨眉山七里坪怡然居,https://hotels.ctrip.com/hotel/4827325.html?isFull=F,,119
峨眉山鱼跃家民宿,https://hotels.ctrip.com/hotel/61135009.html?isFull=F,,192
峨眉山佑客酒店,https://hotels.ctrip.com/hotel/6318533.html?isFull=F,4.5,147
峨眉山云境别院,https://hotels.ctrip.com/hotel/5085983.html?isFull=F,4.8,454
峨眉山吾栖民宿,https://hotels.ctrip.com/hotel/41883276.html?isFull=F,,167
峨眉山瑞家酒店,https://hotels.ctrip.com/hotel/6805144.html?isFull=F,,80
峨眉山月光印象酒店,https://hotels.ctrip.com/hotel/51165501.html?isFull=F,4.7,219
峨眉山家之旅酒店,https://hotels.ctrip.com/hotel/1083872.html?isFull=F,4.7,115
峨眉山雷洞坪天秀饭店,https://hotels.ctrip.com/hotel/2166083.html?isFull=F,4.4,160
峨眉山温泉源头大酒店,https://hotels.ctrip.com/hotel/6031251.html?isFull=F,4.2,291
峨眉山恬雅居民宿,https://hotels.ctrip.com/hotel/35083559.html?isFull=F,,208
灵秀印象酒店(峨眉报国寺店),https://hotels.ctrip.com/hotel/485306.html?isFull=F,4.5,440
峨眉山世纪阳光大酒店,https://hotels.ctrip.com/hotel/511403.html?isFull=F,4.8,448
洪雅七里坪智选假日酒店,https://hotels.ctrip.com/hotel/45824471.html?isFull=F,4.7,652
峨眉山竹间私汤民宿,https://hotels.ctrip.com/hotel/30007446.html?isFull=F,4.6,574
全季酒店(峨眉山店),https://hotels.ctrip.com/hotel/17888903.html?isFull=F,4.7,364
峨眉山华生酒店(禅林温泉·雅舍),https://hotels.ctrip.com/hotel/6389705.html?isFull=F,4.6,392
天连锁酒店(峨眉山好吃街店),https://hotels.ctrip.com/hotel/1561531.html?isFull=F,4.5,109
峨眉山红珠山宾馆,https://hotels.ctrip.com/hotel/436891.html?isFull=F,4.7,779
峨眉山天和大酒店,https://hotels.ctrip.com/hotel/470466.html?isFull=F,4.6,132
峨眉山书香年华酒店,https://hotels.ctrip.com/hotel/26407797.html?isFull=F,4.8,246
峨眉山希乐尔酒店,https://hotels.ctrip.com/hotel/15332003.html?isFull=F,4.8,241
峨眉山巨峰楼大酒店,https://hotels.ctrip.com/hotel/1712926.html?isFull=F,4.2,306
峨眉山半山居,https://hotels.ctrip.com/hotel/6561215.html?isFull=F,4.9,533
峨眉山蓝色帆船主题酒店,https://hotels.ctrip.com/hotel/6442198.html?isFull=F,4.7,104
欢墅 · 度假别墅（峨眉山名山路店）,https://hotels.ctrip.com/hotel/46152263.html?isFull=F,4.5,408
峨眉山好多熊猫酒店,https://hotels.ctrip.com/hotel/684742.html?isFull=F,4.6,177
峨眉山金山饭店,https://hotels.ctrip.com/hotel/818152.html?isFull=F,4.3,155
峨眉山橙堡假日酒店,https://hotels.ctrip.com/hotel/25884674.html?isFull=F,4.7,185
峨眉山丽呈睿轩酒店,https://hotels.ctrip.com/hotel/58470067.html?isFull=F,4.8,312
峨眉山竹隐苔客栈,https://hotels.ctrip.com/hotel/14248412.html?isFull=F,4.8,456
汉庭酒店(峨眉山店),https://hotels.ctrip.com/hotel/6492266.html?isFull=F,4.6,154
峨眉山嘉乐酒店,https://hotels.ctrip.com/hotel/41793483.html?isFull=F,4.7,268
如家酒店(峨眉山步行街店),https://hotels.ctrip.com/hotel/2310270.html?isFull=F,4.6,124
峨眉山简·居民宿,https://hotels.ctrip.com/hotel/26099161.html?isFull=F,4.8,273
峨眉山仙悦国际酒店(源头氡温泉),https://hotels.ctrip.com/hotel/447818.html?isFull=F,4.5,141
DreamTravel旅途公寓(峨眉山七里坪店),https://hotels.ctrip.com/hotel/6106789.html?isFull=F,4.5,646
峨眉山念庐酒店,https://hotels.ctrip.com/hotel/19459897.html?isFull=F,4.7,275
峨眉山雷洞坪佛光饭店,https://hotels.ctrip.com/hotel/2118317.html?isFull=F,4.2,199
峨眉山佳源商务酒店,https://hotels.ctrip.com/hotel/6819307.html?isFull=F,4.9,103
峨眉山车场假日酒店,https://hotels.ctrip.com/hotel/8969851.html?isFull=F,4.5,153
峨眉山禅林雅舍酒店,https://hotels.ctrip.com/hotel/1749036.html?isFull=F,4.6,273
峨眉山园达大酒店,https://hotels.ctrip.com/hotel/9667928.html?isFull=F,4.4,235
峨眉山雷洞坪奇香居饭店,https://hotels.ctrip.com/hotel/2971872.html?isFull=F,4.4,184
峨眉山弥宿,https://hotels.ctrip.com/hotel/29657391.html?isFull=F,4.9,246
峨眉山秀湖度假山庄,https://hotels.ctrip.com/hotel/739888.html?isFull=F,4.6,292
峨眉山阳光酒店,https://hotels.ctrip.com/hotel/2256921.html?isFull=F,4.5,209
峨眉山峨圣山庄,https://hotels.ctrip.com/hotel/2147886.html?isFull=F,4.9,248
峨眉山碧翠竹酒店,https://hotels.ctrip.com/hotel/6378206.html?isFull=F,4.8,150
峨眉山墨客·自在酒店,https://hotels.ctrip.com/hotel/2279726.html?isFull=F,4.8,176
峨眉山幽雅印象酒店,https://hotels.ctrip.com/hotel/5754793.html?isFull=F,4.8,201
峨眉山心港湾酒店,https://hotels.ctrip.com/hotel/5244243.html?isFull=F,4.1,81
峨眉山欣安里民宿,https://hotels.ctrip.com/hotel/22034561.html?isFull=F,4.6,141
峨眉山云水瑶客栈,https://hotels.ctrip.com/hotel/23920712.html?isFull=F,4.9,149
峨眉山竹韵小院,https://hotels.ctrip.com/hotel/8563245.html?isFull=F,4.8,116
峨眉山锦里假日酒店,https://hotels.ctrip.com/hotel/2191155.html?isFull=F,4.0,183
天连锁酒店(峨眉山中心店),https://hotels.ctrip.com/hotel/2306165.html?isFull=F,4.6,107
峨眉山佛光宾馆,https://hotels.ctrip.com/hotel/818249.html?isFull=F,3.9,88
峨眉山秀湖半岛熊猫主题度假酒店,https://hotels.ctrip.com/hotel/6167326.html?isFull=F,4.6,219
峨眉山原乡美宿民宿,https://hotels.ctrip.com/hotel/23744189.html?isFull=F,,187
峨眉山林海飞雪酒店,https://hotels.ctrip.com/hotel/2282338.html?isFull=F,4.4,145
TOWO上品酒店(峨眉山零公里店),https://hotels.ctrip.com/hotel/8018950.html?isFull=F,4.2,258
峨眉山红珠山宾馆晴云旅舍,https://hotels.ctrip.com/hotel/667428.html?isFull=F,4.7,502
峨眉山梵云居民宿,https://hotels.ctrip.com/hotel/29925118.html?isFull=F,5.0,320
峨眉山龙凤休闲庄,https://hotels.ctrip.com/hotel/2900396.html?isFull=F,4.5,143
峨眉山富华酒店,https://hotels.ctrip.com/hotel/1932735.html?isFull=F,4.8,89
峨眉山飘香饭店,https://hotels.ctrip.com/hotel/2090111.html?isFull=T,4.5,566
峨眉山生态茶艺园,https://hotels.ctrip.com/hotel/2125161.html?isFull=F,4.7,153
乐山峨眉山悦山民宿(10号店),https://hotels.ctrip.com/hotel/50383964.html?isFull=F,,595
峨眉山悦宾酒店,https://hotels.ctrip.com/hotel/2279625.html?isFull=F,4.9,85
乐山峨眉山博睿雅居民宿,https://hotels.ctrip.com/hotel/51329278.html?isFull=F,,318
峨眉山如舍客栈,https://hotels.ctrip.com/hotel/739871.html?isFull=F,4.6,99
峨眉山民生酒店,https://hotels.ctrip.com/hotel/2803230.html?isFull=F,4.1,343
峨眉山梅龙客栈,https://hotels.ctrip.com/hotel/1977832.html?isFull=F,3.7,41
峨眉山鸿兆酒店,https://hotels.ctrip.com/hotel/8711358.html?isFull=F,4.9,149
峨眉山木香客栈,https://hotels.ctrip.com/hotel/9659620.html?isFull=F,,186
峨眉山爱尚逸家酒店,https://hotels.ctrip.com/hotel/2855112.html?isFull=T,4.6,139
见微·峨眉民宿,https://hotels.ctrip.com/hotel/5702486.html?isFull=F,4.8,808
峨眉山鑫源酒店,https://hotels.ctrip.com/hotel/2147953.html?isFull=F,5.0,132
峨眉山恒缘商务宾馆,https://hotels.ctrip.com/hotel/8563218.html?isFull=F,4.1,95
峨眉山戚豆腐客栈,https://hotels.ctrip.com/hotel/6479818.html?isFull=F,4.8,257
峨眉山尚9商务酒店,https://hotels.ctrip.com/hotel/2336065.html?isFull=F,4.5,118
峨眉山典尚民宿,https://hotels.ctrip.com/hotel/18523984.html?isFull=F,4.5,64
峨眉山松蓝酒店,https://hotels.ctrip.com/hotel/29942550.html?isFull=F,4.9,328
峨眉山索道公司招待所,https://hotels.ctrip.com/hotel/4717637.html?isFull=F,,172
峨眉山鑫茂商务酒店,https://hotels.ctrip.com/hotel/5382174.html?isFull=F,,80
峨眉山黄湾小镇驼铃民宿,https://hotels.ctrip.com/hotel/31927754.html?isFull=F,,234
峨眉山U&WEHOME客栈,https://hotels.ctrip.com/hotel/47622896.html?isFull=F,,88
峨眉山湖边度假酒店,https://hotels.ctrip.com/hotel/1932403.html?isFull=F,4.5,201
峨眉山廊桥客栈,https://hotels.ctrip.com/hotel/8563236.html?isFull=F,4.7,104
峨眉山悦途民宿,https://hotels.ctrip.com/hotel/29610889.html?isFull=F,,276
峨眉山胜利酒店,https://hotels.ctrip.com/hotel/2301244.html?isFull=F,4.6,147
峨眉山美食美客快捷酒店,https://hotels.ctrip.com/hotel/2124698.html?isFull=F,4.7,243
峨眉山亨堡酒店,https://hotels.ctrip.com/hotel/1308365.html?isFull=F,4.6,185
峨眉山品善家园客栈,https://hotels.ctrip.com/hotel/29656406.html?isFull=F,4.8,161
峨眉山万年寺天然居酒店,https://hotels.ctrip.com/hotel/6419097.html?isFull=F,4.0,121
峨眉山风林月山庄,https://hotels.ctrip.com/hotel/2391472.html?isFull=F,4.8,231
峨眉山红秀酒店,https://hotels.ctrip.com/hotel/2151722.html?isFull=F,4.9,92
峨眉山云雅酒店,https://hotels.ctrip.com/hotel/29597732.html?isFull=F,4.8,127
欢墅 · 精品度假别墅(峨眉山青庐店),https://hotels.ctrip.com/hotel/3289947.html?isFull=T,4.6,1893
乐山锦尚公寓(24号店),https://hotels.ctrip.com/hotel/53588873.html?isFull=F,,179
乐山金沟林避暑山庄,https://hotels.ctrip.com/hotel/8878082.html?isFull=F,,141
峨眉山茗秀雅休闲庄,https://hotels.ctrip.com/hotel/2148001.html?isFull=F,4.4,108
峨眉山双泉休闲庄,https://hotels.ctrip.com/hotel/1124822.html?isFull=F,,135
峨眉山QQe家酒店,https://hotels.ctrip.com/hotel/803554.html?isFull=T,4.6,158
峨眉山写庭客栈,https://hotels.ctrip.com/hotel/1398082.html?isFull=F,4.1,79
峨眉山半山云岭度假酒店,https://hotels.ctrip.com/hotel/5549465.html?isFull=F,4.7,169
峨眉山半岭上木舍,https://hotels.ctrip.com/hotel/5643175.html?isFull=F,4.9,262
峨眉山九岭岗旅农家乐,https://hotels.ctrip.com/hotel/2147897.html?isFull=F,3.3,78
峨眉山太子坪旅饭店,https://hotels.ctrip.com/hotel/8045883.html?isFull=F,2.2,249
峨眉山金茂酒店,https://hotels.ctrip.com/hotel/1932451.html?isFull=F,4.8,98
峨眉仙山度假酒店,https://hotels.ctrip.com/hotel/6787563.html?isFull=F,,138
峨眉山湖畔人家客栈,https://hotels.ctrip.com/hotel/1678114.html?isFull=F,,102
峨眉山梵米林酒店,https://hotels.ctrip.com/hotel/4999227.html?isFull=F,4.6,198
峨眉山朝拜酒店,https://hotels.ctrip.com/hotel/6837609.html?isFull=F,4.5,99
峨眉山皇冠酒店,https://hotels.ctrip.com/hotel/2137002.html?isFull=F,2.5,76
峨眉山市安康居,https://hotels.ctrip.com/hotel/5661639.html?isFull=F,,83
峨眉山顺鑫小筑酒店,https://hotels.ctrip.com/hotel/2200981.html?isFull=F,4.4,110
峨眉山清秀酒家,https://hotels.ctrip.com/hotel/1762900.html?isFull=F,4.0,115
峨眉山市光阳旅社,https://hotels.ctrip.com/hotel/6803890.html?isFull=F,,71
峨眉山雨山居酒店,https://hotels.ctrip.com/hotel/2693667.html?isFull=F,4.3,112
峨眉山兰桂居休闲山庄,https://hotels.ctrip.com/hotel/2010609.html?isFull=F,4.9,142
峨眉山市湖宾饭店,https://hotels.ctrip.com/hotel/2135757.html?isFull=F,4.7,280
峨眉山可以山庄,https://hotels.ctrip.com/hotel/2092018.html?isFull=F,4.9,192
峨眉山紫雾度假山庄,https://hotels.ctrip.com/hotel/6031994.html?isFull=F,4.9,230
峨眉山铭钰客栈,https://hotels.ctrip.com/hotel/22557710.html?isFull=F,4.9,107
峨眉山云峰假日酒店,https://hotels.ctrip.com/hotel/1932439.html?isFull=F,4.7,146
峨眉山雅阁酒店,https://hotels.ctrip.com/hotel/2124649.html?isFull=F,4.7,234
峨眉山爱琴海岸主题酒店,https://hotels.ctrip.com/hotel/6468798.html?isFull=F,4.8,132
峨眉山惠比特商务酒店,https://hotels.ctrip.com/hotel/1283087.html?isFull=F,4.6,73
峨眉山利苑酒店,https://hotels.ctrip.com/hotel/6862966.html?isFull=F,5.0,98
峨眉山驿路时光精品民宿,https://hotels.ctrip.com/hotel/9858890.html?isFull=F,4.9,353
峨眉山秀山饭店,https://hotels.ctrip.com/hotel/2132278.html?isFull=F,4.7,131
峨眉山行缘居养心公寓,https://hotels.ctrip.com/hotel/5028997.html?isFull=T,4.7,192
安宿里回到峨眉套房酒店,https://hotels.ctrip.com/hotel/3385751.html?isFull=T,4.5,383
峨眉山良栖·山院客栈,https://hotels.ctrip.com/hotel/468466.html?isFull=T,4.6,92
峨眉山杏雅苑客栈,https://hotels.ctrip.com/hotel/21904945.html?isFull=F,4.8,159
峨眉山富嘉源酒店,https://hotels.ctrip.com/hotel/1281075.html?isFull=T,4.7,110
峨眉山景然酒店,https://hotels.ctrip.com/hotel/8393806.html?isFull=F,4.6,79
峨眉山清洁酒店,https://hotels.ctrip.com/hotel/5296202.html?isFull=F,4.6,75
峨眉山明媚酒店,https://hotels.ctrip.com/hotel/5766087.html?isFull=F,4.6,139
峨眉山陌野民宿,https://hotels.ctrip.com/hotel/29714163.html?isFull=F,4.8,144
峨眉山祥云度假酒店,https://hotels.ctrip.com/hotel/436967.html?isFull=F,4.4,198
峨眉山金徕酒店,https://hotels.ctrip.com/hotel/5255847.html?isFull=F,4.7,117
峨眉山俏皮猴主题文化酒店,https://hotels.ctrip.com/hotel/701528.html?isFull=F,4.4,207
峨眉山一山归心客栈,https://hotels.ctrip.com/hotel/2141165.html?isFull=F,4.6,196
峨眉山悦来旅饭店,https://hotels.ctrip.com/hotel/2126652.html?isFull=F,4.9,157
峨眉山虎溪园度假休闲山庄,https://hotels.ctrip.com/hotel/1869725.html?isFull=F,4.3,112
峨眉山清香商务酒店,https://hotels.ctrip.com/hotel/5979169.html?isFull=F,4.0,80
峨眉山钓鱼岛商务酒店,https://hotels.ctrip.com/hotel/1331686.html?isFull=F,4.0,143
峨眉山鹿露民宿,https://hotels.ctrip.com/hotel/49731040.html?isFull=F,,141
途窝假日酒店(峨眉山万年寺店),https://hotels.ctrip.com/hotel/33527383.html?isFull=F,,161
峨眉山壹·望金顶度假山庄,https://hotels.ctrip.com/hotel/2132156.html?isFull=F,4.0,199
峨眉山神龙大酒店,https://hotels.ctrip.com/hotel/2306669.html?isFull=F,3.8,147
峨眉山水云间度假酒店,https://hotels.ctrip.com/hotel/452310.html?isFull=F,,288
峨眉山峨峰酒店,https://hotels.ctrip.com/hotel/4826900.html?isFull=F,4.0,112
峨眉山花间隐民宿,https://hotels.ctrip.com/hotel/43428338.html?isFull=F,,216
峨眉山明月酒店,https://hotels.ctrip.com/hotel/1412858.html?isFull=T,,320
峨眉山金豪商务酒店,https://hotels.ctrip.com/hotel/1581911.html?isFull=F,3.8,151
峨眉山朝暮居民宿,https://hotels.ctrip.com/hotel/29923865.html?isFull=F,,219
峨眉山桥头饭店,https://hotels.ctrip.com/hotel/2304805.html?isFull=F,,157
峨眉山叠翠逍遥山庄,https://hotels.ctrip.com/hotel/2157748.html?isFull=F,4.1,141
峨眉山金兴酒店,https://hotels.ctrip.com/hotel/1969486.html?isFull=T,3.9,150
峨眉山自强饭店,https://hotels.ctrip.com/hotel/1932513.html?isFull=F,,189
峨眉山金桂苑休闲庄,https://hotels.ctrip.com/hotel/35537416.html?isFull=F,,169
峨眉山王子假日酒店,https://hotels.ctrip.com/hotel/2201616.html?isFull=F,4.7,226
峨眉山景色楼,https://hotels.ctrip.com/hotel/2010349.html?isFull=F,4.8,209
峨眉山东辉大酒店,https://hotels.ctrip.com/hotel/1987321.html?isFull=T,,140
峨眉山蓬莱别墅酒店,https://hotels.ctrip.com/hotel/2137086.html?isFull=F,,199
峨眉山三缘暑庄农家乐,https://hotels.ctrip.com/hotel/2010579.html?isFull=F,3.4,193
峨眉山忆家假日酒店,https://hotels.ctrip.com/hotel/2279956.html?isFull=F,,184
峨眉山忆家假日酒店,https://hotels.ctrip.com/hotel/2279956.html?isFull=F,,184
峨眉山映湖山庄客栈,https://hotels.ctrip.com/hotel/2135731.html?isFull=F,,179
峨眉山山水涧养生庄园,https://hotels.ctrip.com/hotel/8423464.html?isFull=F,4.1,122
峨眉山么么哒民宿,https://hotels.ctrip.com/hotel/8424369.html?isFull=F,4.6,438
峨眉山益华旅馆,https://hotels.ctrip.com/hotel/6855935.html?isFull=T,,47
峨眉山果果居民宿,https://hotels.ctrip.com/hotel/29792590.html?isFull=F,,176
峨眉山一生悦舍民宿,https://hotels.ctrip.com/hotel/52110647.html?isFull=F,,407
峨眉山宏瑞华酒店,https://hotels.ctrip.com/hotel/2302169.html?isFull=F,,80
峨眉山禾润民宿,https://hotels.ctrip.com/hotel/44188541.html?isFull=F,,176
峨眉山凡雨轩客栈,https://hotels.ctrip.com/hotel/31193369.html?isFull=F,,199
峨眉山雅之家客栈,https://hotels.ctrip.com/hotel/42722933.html?isFull=F,,186
峨眉山神木山庄,https://hotels.ctrip.com/hotel/6854754.html?isFull=F,,329
峨眉山好口福饭店,https://hotels.ctrip.com/hotel/2116343.html?isFull=F,,110
峨眉山简单点民宿,https://hotels.ctrip.com/hotel/46038209.html?isFull=T,,222
峨眉山归隐山居创意民宿,https://hotels.ctrip.com/hotel/1595713.html?isFull=F,,116
峨眉山客来居酒店,https://hotels.ctrip.com/hotel/2132337.html?isFull=F,4.7,86
峨眉山龙州饭店,https://hotels.ctrip.com/hotel/1253417.html?isFull=F,,130
峨眉山爱伊家民宿,https://hotels.ctrip.com/hotel/36162516.html?isFull=F,,228
峨眉山等你民宿,https://hotels.ctrip.com/hotel/38808566.html?isFull=F,,146
峨眉山丛山民宿,https://hotels.ctrip.com/hotel/29921090.html?isFull=T,,1100
峨眉山福元民宿,https://hotels.ctrip.com/hotel/43389962.html?isFull=F,,538
凤凰栖酒店(峨眉山利民店),https://hotels.ctrip.com/hotel/1932515.html?isFull=F,3.4,156
峨眉山来凤大酒店,https://hotels.ctrip.com/hotel/468849.html?isFull=F,,114
峨眉山君龚民宿,https://hotels.ctrip.com/hotel/21736165.html?isFull=F,,222
峨眉山佳门客栈,https://hotels.ctrip.com/hotel/21689346.html?isFull=F,,336
峨眉山观景阁酒店,https://hotels.ctrip.com/hotel/2305122.html?isFull=F,,193
峨眉山凯瑞酒店,https://hotels.ctrip.com/hotel/2225644.html?isFull=F,2.1,92
峨眉山仙踪林酒店,https://hotels.ctrip.com/hotel/1922190.html?isFull=F,,257
峨眉山兴隆客栈,https://hotels.ctrip.com/hotel/60598895.html?isFull=F,,67
峨眉山添泰休闲庄,https://hotels.ctrip.com/hotel/21504726.html?isFull=F,,130
峨眉山蜗牛旅居度假公寓,https://hotels.ctrip.com/hotel/46588647.html?isFull=F,,481
峨眉山乐雅轩酒店,https://hotels.ctrip.com/hotel/8981576.html?isFull=F,,134
峨眉山圣水酒店,https://hotels.ctrip.com/hotel/2279647.html?isFull=F,3.9,115
峨眉山陶森苑休闲庄,https://hotels.ctrip.com/hotel/2168060.html?isFull=F,,190
苏格主题酒店(峨眉山报国寺店),https://hotels.ctrip.com/hotel/1722361.html?isFull=F,4.6,98
峨眉山象鼻山庄,https://hotels.ctrip.com/hotel/5420131.html?isFull=F,,383
峨眉山嘉利家民宿,https://hotels.ctrip.com/hotel/42515102.html?isFull=F,,199
峨眉山石榴民宿,https://hotels.ctrip.com/hotel/27709638.html?isFull=F,,223
峨眉山夜语民宿,https://hotels.ctrip.com/hotel/44230200.html?isFull=F,,499
峨眉山圣象大酒店,https://hotels.ctrip.com/hotel/2106792.html?isFull=F,,200
峨眉山草根人家酒店,https://hotels.ctrip.com/hotel/27634386.html?isFull=F,,179
峨眉山友情岁月客栈,https://hotels.ctrip.com/hotel/46016475.html?isFull=F,,369
峨眉山居·家民宿,https://hotels.ctrip.com/hotel/5662272.html?isFull=F,,151
峨眉山万年宾馆三号楼,https://hotels.ctrip.com/hotel/2282270.html?isFull=F,,152
峨眉山云峰假日酒店一号店,https://hotels.ctrip.com/hotel/1932444.html?isFull=F,3.3,105
乐山熊玉琼公寓,https://hotels.ctrip.com/hotel/23743369.html?isFull=F,,283
峨眉山观景楼快捷酒店,https://hotels.ctrip.com/hotel/5999901.html?isFull=F,,108
峨眉山锦绣山庄,https://hotels.ctrip.com/hotel/63287382.html?isFull=F,,173
峨眉山名兴商务酒店,https://hotels.ctrip.com/hotel/1344062.html?isFull=F,3.1,88
峨眉山宾乐饭店,https://hotels.ctrip.com/hotel/818198.html?isFull=F,,153
峨眉山宾乐饭店,https://hotels.ctrip.com/hotel/818198.html?isFull=F,,153
峨眉山嘉扬民宿,https://hotels.ctrip.com/hotel/46117149.html?isFull=F,,301
峨眉山翠竹山庄,https://hotels.ctrip.com/hotel/903552.html?isFull=F,,154
峨眉山海庭客栈,https://hotels.ctrip.com/hotel/22275196.html?isFull=F,,292
峨眉山静幽休闲庄,https://hotels.ctrip.com/hotel/2305008.html?isFull=F,,144
峨眉山吉祥酒店,https://hotels.ctrip.com/hotel/1932750.html?isFull=F,4.6,91
峨眉山鸿来居饭店,https://hotels.ctrip.com/hotel/5300674.html?isFull=F,4.5,119
峨眉山华容饭店,https://hotels.ctrip.com/hotel/2010393.html?isFull=F,,81
乐山黄怡客栈(大峨村分店),https://hotels.ctrip.com/hotel/18515043.html?isFull=F,,539
峨眉山一抹茶休闲度假屋,https://hotels.ctrip.com/hotel/1272836.html?isFull=F,,150
峨眉山琼芳休闲庄,https://hotels.ctrip.com/hotel/1932624.html?isFull=F,,150
峨眉山迎鑫山庄,https://hotels.ctrip.com/hotel/4637987.html?isFull=F,,148
峨眉山可遇·思墅温泉民宿,https://hotels.ctrip.com/hotel/28707175.html?isFull=F,,3573
乐山峨眉半山合圣别院,https://hotels.ctrip.com/hotel/26623920.html?isFull=F,,250
乐山乐山缘木居·峨眉山·景区民宿NO.9,https://hotels.ctrip.com/hotel/34146069.html?isFull=F,,309
乐山若里民宿,https://hotels.ctrip.com/hotel/43450169.html?isFull=F,,459
乐山峨眉山途悦度假公寓,https://hotels.ctrip.com/hotel/43959593.html?isFull=F,,176
峨眉山龙凤酒店,https://hotels.ctrip.com/hotel/1272881.html?isFull=F,4.5,101
天下峨眉酒店(峨眉山),https://hotels.ctrip.com/hotel/1607339.html?isFull=F,,90
乐山冬冬妹公寓(6号店),https://hotels.ctrip.com/hotel/43322337.html?isFull=F,,1383
乐山小米家花园套房公寓(东湖湿地公园分店),https://hotels.ctrip.com/hotel/43645363.html?isFull=F,,816
峨眉山双玉斋民宿,https://hotels.ctrip.com/hotel/17337451.html?isFull=F,,367
峨眉山秋水度假山庄,https://hotels.ctrip.com/hotel/2106456.html?isFull=F,,97
乐山峨眉照花丽堂主公寓(秀湖大道分店),https://hotels.ctrip.com/hotel/44231202.html?isFull=F,,1617
乐山爱伊家民宿(佛光西路分店),https://hotels.ctrip.com/hotel/17329760.html?isFull=F,,413
乐山小米家花园套房公寓(东湖湿地公园分店),https://hotels.ctrip.com/hotel/43645363.html?isFull=F,,816
峨眉山双玉斋民宿,https://hotels.ctrip.com/hotel/17337451.html?isFull=F,,367
峨眉山秋水度假山庄,https://hotels.ctrip.com/hotel/2106456.html?isFull=F,,97
乐山峨眉照花丽堂主公寓(秀湖大道分店),https://hotels.ctrip.com/hotel/44231202.html?isFull=F,,1617
乐山野泉民宿(3号店),https://hotels.ctrip.com/hotel/43425560.html?isFull=F,,401
乐山爱伊家民宿(佛光西路分店),https://hotels.ctrip.com/hotel/17329760.html?isFull=F,,413
峨眉山野山情缘住宿,https://hotels.ctrip.com/hotel/6732900.html?isFull=F,,138
峨眉山温馨小筑客栈,https://hotels.ctrip.com/hotel/22027164.html?isFull=F,,120
峨眉山康来馨民宿,https://hotels.ctrip.com/hotel/28647379.html?isFull=F,,293
峨眉山峪水湾客栈,https://hotels.ctrip.com/hotel/25311203.html?isFull=F,,146
峨眉山自然休闲庄,https://hotels.ctrip.com/hotel/2167809.html?isFull=F,,130
峨眉山合圣度假酒店,https://hotels.ctrip.com/hotel/16977338.html?isFull=F,4.4,271
峨眉山初城民宿,https://hotels.ctrip.com/hotel/62812655.html?isFull=F,,211
峨眉山暮雪客栈,https://hotels.ctrip.com/hotel/31317834.html?isFull=T,,183
峨眉山杨家大院度假公寓,https://hotels.ctrip.com/hotel/46014985.html?isFull=F,,321
峨眉山杜鹃花大酒店,https://hotels.ctrip.com/hotel/6422882.html?isFull=F,3.9,1982
峨眉山顺路园休闲庄,https://hotels.ctrip.com/hotel/1567650.html?isFull=F,,198
峨眉山金源酒店,https://hotels.ctrip.com/hotel/2279582.html?isFull=F,,86
峨眉山秀清田园山庄,https://hotels.ctrip.com/hotel/1598534.html?isFull=F,,147
峨眉山莲华山庄,https://hotels.ctrip.com/hotel/5204809.html?isFull=F,,161
峨眉山理想苑民宿,https://hotels.ctrip.com/hotel/35926461.html?isFull=F,,251
峨眉山春花旅饭店,https://hotels.ctrip.com/hotel/16011016.html?isFull=F,,83
峨眉山角落客栈,https://hotels.ctrip.com/hotel/1686838.html?isFull=T,,235
峨眉山万年宾馆五号楼,https://hotels.ctrip.com/hotel/30007325.html?isFull=F,,210
峨眉山悟舍度假公寓,https://hotels.ctrip.com/hotel/8108402.html?isFull=T,,346
峨眉山理想苑民宿,https://hotels.ctrip.com/hotel/35926461.html?isFull=F,,251
峨眉山春花旅饭店,https://hotels.ctrip.com/hotel/16011016.html?isFull=F,,83
峨眉山角落客栈,https://hotels.ctrip.com/hotel/1686838.html?isFull=T,,235
峨眉山万年宾馆五号楼,https://hotels.ctrip.com/hotel/30007325.html?isFull=F,,210
峨眉山悟舍度假公寓,https://hotels.ctrip.com/hotel/8108402.html?isFull=T,,346
峨眉山子钰民宿,https://hotels.ctrip.com/hotel/35938820.html?isFull=F,,110
峨眉山柳双妹民宿,https://hotels.ctrip.com/hotel/24049870.html?isFull=F,,165
峨眉山一含民宿,https://hotels.ctrip.com/hotel/43954847.html?isFull=T,,164
峨眉山华莲休闲庄,https://hotels.ctrip.com/hotel/1916594.html?isFull=F,,157
峨眉山万年寺春园饭店,https://hotels.ctrip.com/hotel/5374253.html?isFull=F,,264
峨眉山洁雅酒店,https://hotels.ctrip.com/hotel/2132850.html?isFull=F,,289
乐山雁翎街43号民宿,https://hotels.ctrip.com/hotel/43422726.html?isFull=F,,437
峨眉山金和旅馆,https://hotels.ctrip.com/hotel/1569388.html?isFull=F,,122
峨眉山市黑白熊猫文化客栈,https://hotels.ctrip.com/hotel/6540078.html?isFull=F,,1017
乐山黄湾小镇漫居民宿(5号店),https://hotels.ctrip.com/hotel/43452733.html?isFull=F,,186
峨眉山思缘旅店,https://hotels.ctrip.com/hotel/37424232.html?isFull=F,,124
峨眉山来是佛山庄,https://hotels.ctrip.com/hotel/21790886.html?isFull=F,,269
乐山黄淑琼公寓,https://hotels.ctrip.com/hotel/35525920.html?isFull=F,,230
峨眉山山城山庄,https://hotels.ctrip.com/hotel/8667900.html?isFull=F,,139
乐山峨眉山驼铃民宿(2号店),https://hotels.ctrip.com/hotel/43520345.html?isFull=F,,306
乐山不二家民宿,https://hotels.ctrip.com/hotel/43488594.html?isFull=F,,495
峨眉山峨眉·初见公寓,https://hotels.ctrip.com/hotel/10925842.html?isFull=F,,786
峨眉山石湾茶苑,https://hotels.ctrip.com/hotel/1934878.html?isFull=F,,113
峨眉山那次民宿,https://hotels.ctrip.com/hotel/24240365.html?isFull=F,,268
乐山点点公寓,https://hotels.ctrip.com/hotel/43409520.html?isFull=F,,382
峨眉山石湾茶苑,https://hotels.ctrip.com/hotel/1934878.html?isFull=F,,113
峨眉山那次民宿,https://hotels.ctrip.com/hotel/24240365.html?isFull=F,,268
乐山点点公寓,https://hotels.ctrip.com/hotel/43409520.html?isFull=F,,382
乐山子逸的小窝公寓,https://hotels.ctrip.com/hotel/43452529.html?isFull=F,,266
乐山阅山度假小墅公寓(8号店),https://hotels.ctrip.com/hotel/43419496.html?isFull=F,,500
峨眉山春语酒店,https://hotels.ctrip.com/hotel/2282228.html?isFull=F,,208
峨眉山梵尘居客栈,https://hotels.ctrip.com/hotel/21789122.html?isFull=F,,170
乐山期待眼神公寓(黄湾村分店),https://hotels.ctrip.com/hotel/35526679.html?isFull=F,,409
峨眉山山月客栈,https://hotels.ctrip.com/hotel/5981901.html?isFull=T,,55
乐山峨眉山栖息名宿公寓,https://hotels.ctrip.com/hotel/43452652.html?isFull=F,,293
峨眉山竹云仙居休闲庄,https://hotels.ctrip.com/hotel/21765110.html?isFull=F,,141
峨眉山福来居,https://hotels.ctrip.com/hotel/2585294.html?isFull=F,,105
乐山乐途恋上我家民宿(3号店),https://hotels.ctrip.com/hotel/43326595.html?isFull=F,,240
峨眉山才华酒店,https://hotels.ctrip.com/hotel/2282913.html?isFull=T,,189
峨眉山君银民宿,https://hotels.ctrip.com/hotel/29925214.html?isFull=F,,164
峨眉山兄弟缘休闲庄,https://hotels.ctrip.com/hotel/48579129.html?isFull=F,,189
峨眉山苏坡水乡酒店,https://hotels.ctrip.com/hotel/43861219.html?isFull=F,,203
峨眉山阳光家园,https://hotels.ctrip.com/hotel/1594280.html?isFull=F,,147
峨眉山红佛商务大酒店,https://hotels.ctrip.com/hotel/2308644.html?isFull=F,,104
峨眉山万森·瑜程酒店,https://hotels.ctrip.com/hotel/25507276.html?isFull=F,,102
乐山峨眉山的小妮子客栈,https://hotels.ctrip.com/hotel/29706734.html?isFull=F,,317
乐山滴水流年民宿,https://hotels.ctrip.com/hotel/43390660.html?isFull=F,,1048
峨眉山吟峨酒店,https://hotels.ctrip.com/hotel/1932523.html?isFull=F,4.5,177
峨眉山根艺农家乐,https://hotels.ctrip.com/hotel/2136415.html?isFull=F,,171
乐山依泉山庄,https://hotels.ctrip.com/hotel/8521783.html?isFull=F,,101
峨眉山苏坡水乡酒店,https://hotels.ctrip.com/hotel/43861219.html?isFull=F,,203
峨眉山阳光家园,https://hotels.ctrip.com/hotel/1594280.html?isFull=F,,147
峨眉山红佛商务大酒店,https://hotels.ctrip.com/hotel/2308644.html?isFull=F,,104
峨眉山万森·瑜程酒店,https://hotels.ctrip.com/hotel/25507276.html?isFull=F,,102
乐山乐山虾老板客栈,https://hotels.ctrip.com/hotel/43643675.html?isFull=F,,133
乐山阅山度假小墅公寓(9号店),https://hotels.ctrip.com/hotel/43504117.html?isFull=F,,535
乐山峨眉山的小妮子客栈,https://hotels.ctrip.com/hotel/29706734.html?isFull=F,,317
乐山月牙民宿,https://hotels.ctrip.com/hotel/43436540.html?isFull=F,,701
乐山滴水流年民宿,https://hotels.ctrip.com/hotel/43390660.html?isFull=F,,1048
乐山肖雄峰公寓(2号店),https://hotels.ctrip.com/hotel/44227199.html?isFull=F,,334
峨眉山吟峨酒店,https://hotels.ctrip.com/hotel/1932523.html?isFull=F,4.5,177
峨眉山根艺农家乐,https://hotels.ctrip.com/hotel/2136415.html?isFull=F,,171
乐山依泉山庄,https://hotels.ctrip.com/hotel/8521783.html?isFull=F,,101
峨眉山莲平休闲庄,https://hotels.ctrip.com/hotel/55194117.html?isFull=F,,151
乐山峨眉山红旗饭店,https://hotels.ctrip.com/hotel/6730158.html?isFull=F,,103
峨嵋山维凤旅饭店,https://hotels.ctrip.com/hotel/2294942.html?isFull=F,2.4,133
峨眉山两行情书民宿,https://hotels.ctrip.com/hotel/34147428.html?isFull=F,,336
李氏居旅馆,https://hotels.ctrip.com/hotel/4826904.html?isFull=T,,57
峨眉山小驻客栈,https://hotels.ctrip.com/hotel/28756767.html?isFull=T,,153
乐山蜗牛民宿,https://hotels.ctrip.com/hotel/45694042.html?isFull=F,,647
乐山全宿公寓（峨眉山秀湖青庐）,https://hotels.ctrip.com/hotel/43492586.html?isFull=F,,218
峨眉山四方缘饭店,https://hotels.ctrip.com/hotel/2308847.html?isFull=F,4.5,106
峨眉山清湖山庄,https://hotels.ctrip.com/hotel/790559.html?isFull=F,3.8,153
乐山乐山山吾舍客栈,https://hotels.ctrip.com/hotel/30421515.html?isFull=F,,254
峨眉山欣瑞达休闲庄,https://hotels.ctrip.com/hotel/25687595.html?isFull=F,,153
乐山峨眉山舒安民宿,https://hotels.ctrip.com/hotel/43489948.html?isFull=F,,318
乐山北欧印象客栈,https://hotels.ctrip.com/hotel/45696289.html?isFull=F,,155
乐山蜗牛民宿,https://hotels.ctrip.com/hotel/45694042.html?isFull=F,,647
乐山全宿公寓（峨眉山秀湖青庐）,https://hotels.ctrip.com/hotel/43492586.html?isFull=F,,218
峨眉山四方缘饭店,https://hotels.ctrip.com/hotel/2308847.html?isFull=F,4.5,106
峨眉山清湖山庄,https://hotels.ctrip.com/hotel/790559.html?isFull=F,3.8,153
乐山乐山山吾舍客栈,https://hotels.ctrip.com/hotel/30421515.html?isFull=F,,254
峨眉山欣瑞达休闲庄,https://hotels.ctrip.com/hotel/25687595.html?isFull=F,,153
峨眉山和缘宾馆,https://hotels.ctrip.com/hotel/2152088.html?isFull=F,4.0,90
峨眉山曾记饭店,https://hotels.ctrip.com/hotel/2582441.html?isFull=F,,102
乐山谢诗媛客栈,https://hotels.ctrip.com/hotel/53489279.html?isFull=F,,763
乐山乐山缘木居·峨眉山·景区民宿(朝拜路分店),https://hotels.ctrip.com/hotel/47966106.html?isFull=F,,1011
乐山避暑️自在清静民宿半轮秋民宿,https://hotels.ctrip.com/hotel/46274851.html?isFull=F,,437
乐山乐山奇杰民宿,https://hotels.ctrip.com/hotel/43642801.html?isFull=F,,419
乐山TOWO上品(峨眉山报国寺店)公寓(峨眉山-中峰寺分店),https://hotels.ctrip.com/hotel/43423772.html?isFull=F,,354
乐山smile依梦公寓,https://hotels.ctrip.com/hotel/61099767.html?isFull=F,,273
乐山二月客栈(峨洪路分店),https://hotels.ctrip.com/hotel/52767183.html?isFull=F,,213
乐山阳光的特色小洋房公寓,https://hotels.ctrip.com/hotel/43636718.html?isFull=F,,592
乐山峨眉.乐山同小区多套房公寓(夏荷村分店),https://hotels.ctrip.com/hotel/28520113.html?isFull=F,,420
峨眉山依湖居休闲庄,https://hotels.ctrip.com/hotel/1413858.html?isFull=F,,132
峨眉山田园牧歌休闲山庄,https://hotels.ctrip.com/hotel/23153551.html?isFull=F,,199
峨眉山途居民宿,https://hotels.ctrip.com/hotel/31539396.html?isFull=F,,216
乐山游人居客栈,https://hotels.ctrip.com/hotel/26620846.html?isFull=F,,267
乐山君银民宿,https://hotels.ctrip.com/hotel/43503008.html?isFull=F,,187
乐山然然馨家名宿公寓,https://hotels.ctrip.com/hotel/43449499.html?isFull=F,,143
乐山BeckyO客栈,https://hotels.ctrip.com/hotel/50477525.html?isFull=F,,596
峨眉山鸿运旅馆,https://hotels.ctrip.com/hotel/6846976.html?isFull=F,,31
峨眉山鑫海宇乐休闲庄,https://hotels.ctrip.com/hotel/21788004.html?isFull=F,,213
乐山蜗牛民宿(秀湖大道分店),https://hotels.ctrip.com/hotel/52014334.html?isFull=F,,335
乐山峨眉山不远山庄,https://hotels.ctrip.com/hotel/5799785.html?isFull=F,,174
峨眉山悦客之家,https://hotels.ctrip.com/hotel/24158703.html?isFull=F,,287
乐山小马民宿,https://hotels.ctrip.com/hotel/43643534.html?isFull=F,,2904
乐山红梅民宿,https://hotels.ctrip.com/hotel/43311683.html?isFull=F,,401
乐山逸忆民宿,https://hotels.ctrip.com/hotel/43424761.html?isFull=F,,150
峨眉山初心别苑客栈,https://hotels.ctrip.com/hotel/28312206.html?isFull=F,,223
乐山归朴民宿,https://hotels.ctrip.com/hotel/49848960.html?isFull=F,,230
乐山小杨梅公寓,https://hotels.ctrip.com/hotel/43443049.html?isFull=F,,815
凯优威尔养生文化主题酒店(峨眉山晚香楼店),https://hotels.ctrip.com/hotel/6822251.html?isFull=F,4.1,209
乐山格蕾民宿(2号店),https://hotels.ctrip.com/hotel/43519169.html?isFull=F,,436
峨眉山水云间休闲庄,https://hotels.ctrip.com/hotel/1932557.html?isFull=F,4.2,93
峨眉山雨田酒店,https://hotels.ctrip.com/hotel/826993.html?isFull=F,4.6,185
乐山峨眉山市勿忘我民宿,https://hotels.ctrip.com/hotel/44220078.html?isFull=F,,314
峨眉山遨湖e家,https://hotels.ctrip.com/hotel/1413016.html?isFull=F,,406
主题酒店(峨眉山店),https://hotels.ctrip.com/hotel/839651.html?isFull=F,3.9,126
乐山肖琼芳公寓(峨眉蝶博物馆分店),https://hotels.ctrip.com/hotel/23744203.html?isFull=F,,176
乐山峨眉悦客之家民宿,https://hotels.ctrip.com/hotel/50499829.html?isFull=F,,191
乐山木槿亿家公寓(峨洪路分店),https://hotels.ctrip.com/hotel/53922771.html?isFull=F,,425
乐山峨眉山偶遇客栈,https://hotels.ctrip.com/hotel/46949713.html?isFull=F,,150
乐山兴福民宿(3号店),https://hotels.ctrip.com/hotel/43637610.html?isFull=F,,79
乐山伍齐公寓,https://hotels.ctrip.com/hotel/43309474.html?isFull=F,,329
峨眉山遨湖e家,https://hotels.ctrip.com/hotel/1413016.html?isFull=F,,406
主题酒店(峨眉山店),https://hotels.ctrip.com/hotel/839651.html?isFull=F,3.9,126
乐山肖琼芳公寓(峨眉蝶博物馆分店),https://hotels.ctrip.com/hotel/23744203.html?isFull=F,,176
乐山峨眉悦客之家民宿,https://hotels.ctrip.com/hotel/50499829.html?isFull=F,,191
乐山木槿亿家公寓(峨洪路分店),https://hotels.ctrip.com/hotel/53922771.html?isFull=F,,425
乐山峨眉山偶遇客栈,https://hotels.ctrip.com/hotel/46949713.html?isFull=F,,150
乐山兴福民宿(3号店),https://hotels.ctrip.com/hotel/43637610.html?isFull=F,,79
乐山伍齐公寓,https://hotels.ctrip.com/hotel/43309474.html?isFull=F,,329
乐山缘分民宿,https://hotels.ctrip.com/hotel/18521394.html?isFull=F,,124
乐山峨眉山景区客舍轩民宿,https://hotels.ctrip.com/hotel/52188813.html?isFull=F,,301
峨眉山亦宿民宿,https://hotels.ctrip.com/hotel/50540855.html?isFull=F,,331
峨眉山紫竹度假休闲庄,https://hotels.ctrip.com/hotel/2640890.html?isFull=F,,144
乐山悠家民宿（乐山店）,https://hotels.ctrip.com/hotel/43444689.html?isFull=F,,208
乐山乐山shilingli客栈,https://hotels.ctrip.com/hotel/41627802.html?isFull=F,,268
峨眉山喜来阁快捷酒店,https://hotels.ctrip.com/hotel/818195.html?isFull=F,3.8,80
峨眉山嘉友酒店,https://hotels.ctrip.com/hotel/8563246.html?isFull=F,,158
乐山半夏悠居客栈,https://hotels.ctrip.com/hotel/50481097.html?isFull=F,,387
峨眉山雅苑旅馆,https://hotels.ctrip.com/hotel/50851282.html?isFull=F,,56
峨眉山兰亭阁休闲庄,https://hotels.ctrip.com/hotel/1574992.html?isFull=F,,208
峨眉山仙泉山庄,https://hotels.ctrip.com/hotel/2076114.html?isFull=F,,143
乐山紫陌客栈,https://hotels.ctrip.com/hotel/46936781.html?isFull=F,,150
乐山夏加尔丁丁猫公寓(2号店),https://hotels.ctrip.com/hotel/51842675.html?isFull=F,,673
乐山徐四哥公寓,https://hotels.ctrip.com/hotel/50507590.html?isFull=F,,254
峨眉山峨眉月山庄,https://hotels.ctrip.com/hotel/2279134.html?isFull=F,,271
乐山枕山栖套一套二/近高铁/温泉旁/峨眉公寓,https://hotels.ctrip.com/hotel/50518651.html?isFull=F,,340
乐山半夏悠居客栈,https://hotels.ctrip.com/hotel/50481097.html?isFull=F,,387
峨眉山雅苑旅馆,https://hotels.ctrip.com/hotel/50851282.html?isFull=F,,56
峨眉山兰亭阁休闲庄,https://hotels.ctrip.com/hotel/1574992.html?isFull=F,,208
峨眉山仙泉山庄,https://hotels.ctrip.com/hotel/2076114.html?isFull=F,,143
乐山紫陌客栈,https://hotels.ctrip.com/hotel/46936781.html?isFull=F,,150
乐山夏加尔丁丁猫公寓(2号店),https://hotels.ctrip.com/hotel/51842675.html?isFull=F,,673
乐山徐四哥公寓,https://hotels.ctrip.com/hotel/50507590.html?isFull=F,,254
峨眉山峨眉月山庄,https://hotels.ctrip.com/hotel/2279134.html?isFull=F,,271
乐山枕山栖套一套二/近高铁/温泉旁/峨眉公寓,https://hotels.ctrip.com/hotel/50518651.html?isFull=F,,340
乐山梁栩苾公寓,https://hotels.ctrip.com/hotel/43452972.html?isFull=F,,164
乐山峨眉山五显岗佛光民宿,https://hotels.ctrip.com/hotel/50497913.html?isFull=F,,284
乐山黄湾小镇尚悦山居民宿,https://hotels.ctrip.com/hotel/54105448.html?isFull=F,,336
乐山张信中客栈,https://hotels.ctrip.com/hotel/52184008.html?isFull=F,,512
峨眉山云秀缘民宿,https://hotels.ctrip.com/hotel/19633507.html?isFull=F,,137
乐山漫居/七楼公寓(3号店),https://hotels.ctrip.com/hotel/43451044.html?isFull=F,,703
乐山峨眉山小红妹客栈(府前街分店),https://hotels.ctrip.com/hotel/47648577.html?isFull=F,,419
乐山梵禅舍客栈,https://hotels.ctrip.com/hotel/61415120.html?isFull=F,,200
峨眉山佛光假日酒店,https://hotels.ctrip.com/hotel/440013.html?isFull=F,3.2,75
乐山云雅客栈(峨洪路分店),https://hotels.ctrip.com/hotel/44227575.html?isFull=F,,255
峨眉山市爱e家酒店式家庭公寓(食为天美食街店),https://hotels.ctrip.com/hotel/14083104.html?isFull=F,,453
乐山峨眉山归已民宿,https://hotels.ctrip.com/hotel/43380510.html?isFull=F,,224
乐山云上民宿(佛光东路分店),https://hotels.ctrip.com/hotel/42719271.html?isFull=F,,233
乐山听风者公寓(朝拜路分店),https://hotels.ctrip.com/hotel/50489227.html?isFull=F,,328
乐山乐山熊海明公寓,https://hotels.ctrip.com/hotel/43449734.html?isFull=F,,305
乐山熊玥客栈,https://hotels.ctrip.com/hotel/53071037.html?isFull=F,,244
峨眉山市爱e家酒店式家庭公寓(食为天美食街店),https://hotels.ctrip.com/hotel/14083104.html?isFull=F,,453
乐山峨眉山归已民宿,https://hotels.ctrip.com/hotel/43380510.html?isFull=F,,224
乐山云上民宿(佛光东路分店),https://hotels.ctrip.com/hotel/42719271.html?isFull=F,,233
乐山听风者公寓(朝拜路分店),https://hotels.ctrip.com/hotel/50489227.html?isFull=F,,328
乐山乐山熊海明公寓,https://hotels.ctrip.com/hotel/43449734.html?isFull=F,,305
乐山熊玥客栈,https://hotels.ctrip.com/hotel/53071037.html?isFull=F,,244
乐山余生很长客栈,https://hotels.ctrip.com/hotel/52188619.html?isFull=F,,197
乐山仝5959客栈,https://hotels.ctrip.com/hotel/50492513.html?isFull=F,,310
乐山拾光屋民宿,https://hotels.ctrip.com/hotel/61664850.html?isFull=F,,264
乐山伍齐公寓(2号店),https://hotels.ctrip.com/hotel/43417579.html?isFull=F,,452
峨眉山圣缘山庄,https://hotels.ctrip.com/hotel/2282405.html?isFull=F,,169
若里小姐公寓(峨眉山常超街店),https://hotels.ctrip.com/hotel/50471859.html?isFull=F,,268
乐山杨朱丽公寓(府前街分店),https://hotels.ctrip.com/hotel/28517090.html?isFull=F,,537
乐山峨眉山轻风小筑民宿,https://hotels.ctrip.com/hotel/43491792.html?isFull=F,,262
乐山梦之源客栈,https://hotels.ctrip.com/hotel/50458353.html?isFull=F,,1058
乐山乐山罗德清客栈,https://hotels.ctrip.com/hotel/29996605.html?isFull=F,,149
乐山小城谣居公寓,https://hotels.ctrip.com/hotel/42737492.html?isFull=F,,180
乐山静雅阁民宿,https://hotels.ctrip.com/hotel/48018914.html?isFull=F,,103
乐山拾光屋民宿(高磷路分店),https://hotels.ctrip.com/hotel/60597189.html?isFull=F,,299
乐山馨悦山庄客栈,https://hotels.ctrip.com/hotel/50473323.html?isFull=F,,151
峨眉山缘来聚休闲庄,https://hotels.ctrip.com/hotel/2282784.html?isFull=F,,104
乐山峨眉山市宜舍民宿,https://hotels.ctrip.com/hotel/44231759.html?isFull=F,,305
峨眉山冯氏休闲庄,https://hotels.ctrip.com/hotel/1947596.html?isFull=F,,113
乐山桃花屋民宿,https://hotels.ctrip.com/hotel/54622258.html?isFull=F,,178
峨眉山凡舍民宿,https://hotels.ctrip.com/hotel/21826683.html?isFull=F,,159
乐山石晴雯公寓(2号店),https://hotels.ctrip.com/hotel/43524892.html?isFull=F,,281
乐山静雅阁民宿,https://hotels.ctrip.com/hotel/48018914.html?isFull=F,,103
乐山拾光屋民宿(高磷路分店),https://hotels.ctrip.com/hotel/60597189.html?isFull=F,,299
乐山馨悦山庄客栈,https://hotels.ctrip.com/hotel/50473323.html?isFull=F,,151
峨眉山缘来聚休闲庄,https://hotels.ctrip.com/hotel/2282784.html?isFull=F,,104
乐山峨眉山市宜舍民宿,https://hotels.ctrip.com/hotel/44231759.html?isFull=F,,305
峨眉山冯氏休闲庄,https://hotels.ctrip.com/hotel/1947596.html?isFull=F,,113
乐山桃花屋民宿,https://hotels.ctrip.com/hotel/54622258.html?isFull=F,,178
峨眉山凡舍民宿,https://hotels.ctrip.com/hotel/21826683.html?isFull=F,,159
乐山峨眉山悦山民宿(3号店),https://hotels.ctrip.com/hotel/43336830.html?isFull=F,,850
峨眉山清雅山庄,https://hotels.ctrip.com/hotel/6856064.html?isFull=F,,237
峨眉山绿云酒店,https://hotels.ctrip.com/hotel/6850345.html?isFull=F,3.1,245
峨眉山雅逸阁休闲庄,https://hotels.ctrip.com/hotel/1598428.html?isFull=F,,135
峨眉山云霖居休闲山庄,https://hotels.ctrip.com/hotel/1696996.html?isFull=F,,162
乐山绿意盎然(๑˙ー˙๑)客栈,https://hotels.ctrip.com/hotel/50501387.html?isFull=F,,456
乐山安雅居民宿,https://hotels.ctrip.com/hotel/52186016.html?isFull=F,,255
峨眉山仙山旅社,https://hotels.ctrip.com/hotel/1093738.html?isFull=F,,36
乐山张艳军幸福之家客栈,https://hotels.ctrip.com/hotel/52179778.html?isFull=F,,588
峨眉山拾欢客栈,https://hotels.ctrip.com/hotel/21789228.html?isFull=F,,131
峨眉山茗山旅馆,https://hotels.ctrip.com/hotel/2515046.html?isFull=F,3.5,81
乐山开心家园梁公寓,https://hotels.ctrip.com/hotel/52177751.html?isFull=F,,176
峨眉山栖居休闲庄,https://hotels.ctrip.com/hotel/22274185.html?isFull=F,,165
峨眉山生旺楼酒店,https://hotels.ctrip.com/hotel/54874116.html?isFull=F,,150
峨眉山常乐酒店,https://hotels.ctrip.com/hotel/8563220.html?isFull=F,,124
乐山家里来客民宿(4号店),https://hotels.ctrip.com/hotel/34145722.html?isFull=F,,182
乐山开心家园梁公寓,https://hotels.ctrip.com/hotel/52177751.html?isFull=F,,176
峨眉山栖居休闲庄,https://hotels.ctrip.com/hotel/22274185.html?isFull=F,,165
峨眉山生旺楼酒店,https://hotels.ctrip.com/hotel/54874116.html?isFull=F,,150
峨眉山常乐酒店,https://hotels.ctrip.com/hotel/8563220.html?isFull=F,,124
乐山家里来客民宿(4号店),https://hotels.ctrip.com/hotel/34145722.html?isFull=F,,182
峨眉山MissHouse优享公寓,https://hotels.ctrip.com/hotel/25781141.html?isFull=F,,189
乐山ABCD63公寓,https://hotels.ctrip.com/hotel/50505571.html?isFull=F,,295
乐山石三哥公寓,https://hotels.ctrip.com/hotel/43638930.html?isFull=F,,339
乐山峨眉山悦山民宿(5号店),https://hotels.ctrip.com/hotel/43435007.html?isFull=F,,847
乐山梦之月公寓,https://hotels.ctrip.com/hotel/35527479.html?isFull=F,,445
乐山米畔民宿,https://hotels.ctrip.com/hotel/53008856.html?isFull=F,,253
乐山静新苑客栈(峨洪路分店),https://hotels.ctrip.com/hotel/52177909.html?isFull=F,,257
乐山峨眉山上下进出口处售票大厅客栈(峨洪路分店),https://hotels.ctrip.com/hotel/53262593.html?isFull=F,,452
乐山迁宿....客栈,https://hotels.ctrip.com/hotel/50495640.html?isFull=F,,193
乐山七兮斋主公寓,https://hotels.ctrip.com/hotel/61102046.html?isFull=F,,334
乐山爱做梦の小白同学客栈,https://hotels.ctrip.com/hotel/54545485.html?isFull=F,,174
峨眉山涌泉休闲庄,https://hotels.ctrip.com/hotel/60983471.html?isFull=F,,119
峨眉山山峯酒店,https://hotels.ctrip.com/hotel/5668936.html?isFull=F,,182
峨眉山碧云居农家乐,https://hotels.ctrip.com/hotel/818149.html?isFull=F,,159
峨眉山雅居旅馆,https://hotels.ctrip.com/hotel/3742722.html?isFull=F,,69
乐山嚴宅公寓(秀湖大道分店),https://hotels.ctrip.com/hotel/54629013.html?isFull=F,,456
乐山团团围住客栈,https://hotels.ctrip.com/hotel/50496303.html?isFull=F,,308
乐山禅居民宿(子午街分店),https://hotels.ctrip.com/hotel/50541057.html?isFull=F,,176
峨眉山村上驿站,https://hotels.ctrip.com/hotel/8829423.html?isFull=F,,264
峨眉山会心居休闲庄,https://hotels.ctrip.com/hotel/23880438.html?isFull=T,,179
峨眉山碧云居农家乐,https://hotels.ctrip.com/hotel/818149.html?isFull=F,,159
乐山冬冬妹公寓,https://hotels.ctrip.com/hotel/43325023.html?isFull=F,,362
峨眉山雅居旅馆,https://hotels.ctrip.com/hotel/3742722.html?isFull=F,,69
乐山嚴宅公寓(秀湖大道分店),https://hotels.ctrip.com/hotel/54629013.html?isFull=F,,456
乐山团团围住客栈,https://hotels.ctrip.com/hotel/50496303.html?isFull=F,,308
乐山禅居民宿(子午街分店),https://hotels.ctrip.com/hotel/50541057.html?isFull=F,,176
峨眉山村上驿站,https://hotels.ctrip.com/hotel/8829423.html?isFull=F,,264
峨眉山会心居休闲庄,https://hotels.ctrip.com/hotel/23880438.html?isFull=T,,179
乐山刘成美客栈,https://hotels.ctrip.com/hotel/52176449.html?isFull=F,,985
乐山潘友明客栈(三清方分店),https://hotels.ctrip.com/hotel/50442609.html?isFull=F,,164
峨眉山龙怡山庄,https://hotels.ctrip.com/hotel/2239238.html?isFull=F,,146
乐山峨眉山继祥居休闲庄,https://hotels.ctrip.com/hotel/5248651.html?isFull=T,,793
峨眉山开全休闲庄,https://hotels.ctrip.com/hotel/2127743.html?isFull=F,,110
乐山潘友明客栈,https://hotels.ctrip.com/hotel/53257669.html?isFull=F,,267
乐山陆玥萧萧民宿,https://hotels.ctrip.com/hotel/61766434.html?isFull=F,,201
峨眉山粒粒馨宾馆,https://hotels.ctrip.com/hotel/6782261.html?isFull=F,,116
乐山峨眉山悦山民宿(4号店),https://hotels.ctrip.com/hotel/43399696.html?isFull=F,,816
乐山峨眉山蘑菇居民宿,https://hotels.ctrip.com/hotel/43636800.html?isFull=F,,353
乐山麻友渡边公寓,https://hotels.ctrip.com/hotel/62626896.html?isFull=F,,233
峨眉山金樽山庄,https://hotels.ctrip.com/hotel/6796767.html?isFull=F,,144
峨眉山老百姓旅馆,https://hotels.ctrip.com/hotel/50899003.html?isFull=F,,58
乐山武叶客栈,https://hotels.ctrip.com/hotel/54628512.html?isFull=F,,427
峨眉山云中阁休闲庄,https://hotels.ctrip.com/hotel/2282909.html?isFull=F,,111
乐山南山居公寓,https://hotels.ctrip.com/hotel/61102350.html?isFull=F,,129
峨眉山李胖农家乐,https://hotels.ctrip.com/hotel/54879620.html?isFull=F,,123
乐山峨眉山蘑菇居民宿,https://hotels.ctrip.com/hotel/43636800.html?isFull=F,,353
乐山麻友渡边公寓,https://hotels.ctrip.com/hotel/62626896.html?isFull=F,,233
峨眉山金樽山庄,https://hotels.ctrip.com/hotel/6796767.html?isFull=F,,144
乐山冬冬妹公寓(7号店),https://hotels.ctrip.com/hotel/43392882.html?isFull=F,,597
峨眉山老百姓旅馆,https://hotels.ctrip.com/hotel/50899003.html?isFull=F,,58
乐山武叶客栈,https://hotels.ctrip.com/hotel/54628512.html?isFull=F,,427
峨眉山云中阁休闲庄,https://hotels.ctrip.com/hotel/2282909.html?isFull=F,,111
乐山南山居公寓,https://hotels.ctrip.com/hotel/61102350.html?isFull=F,,129
峨眉山李胖农家乐,https://hotels.ctrip.com/hotel/54879620.html?isFull=F,,123
乐山峨眉山悦山民宿(2号店),https://hotels.ctrip.com/hotel/43405027.html?isFull=F,,845
乐山荷堂禅意轻奢民宿,https://hotels.ctrip.com/hotel/60816001.html?isFull=F,,467
乐山峨眉山黄湾小镇山雨民宿,https://hotels.ctrip.com/hotel/53262352.html?isFull=F,,311
峨眉山溪水人家休闲庄,https://hotels.ctrip.com/hotel/2266264.html?isFull=F,,175
峨眉山杨家苑休闲庄,https://hotels.ctrip.com/hotel/2287173.html?isFull=T,,153
峨眉山静逸楼休闲庄,https://hotels.ctrip.com/hotel/2282550.html?isFull=F,,137
乐山秀禾公寓(秀湖大道分店),https://hotels.ctrip.com/hotel/52183323.html?isFull=F,,380
乐山枕山栖套一套二/近高铁/温泉旁/峨眉公寓(名山南路分店),https://hotels.ctrip.com/hotel/55236380.html?isFull=F,,308
峨眉山半山月休闲庄,https://hotels.ctrip.com/hotel/916105.html?isFull=F,3.9,80
乐山鱼跃家民宿(峨洪路分店),https://hotels.ctrip.com/hotel/61100958.html?isFull=F,,191
乐山格蕾民宿,https://hotels.ctrip.com/hotel/43314363.html?isFull=F,,262
乐山熊玉琼公寓（雁翎街分店）,https://hotels.ctrip.com/hotel/57005388.html?isFull=F,,277
乐山缘木居·峨眉山·景区民宿NO.4,https://hotels.ctrip.com/hotel/55467264.html?isFull=F,,937
乐山愉享家暖心精品民宿,https://hotels.ctrip.com/hotel/54730741.html?isFull=F,,288
乐山凡雨轩客栈,https://hotels.ctrip.com/hotel/53904200.html?isFull=F,,174
乐山陈雄公寓,https://hotels.ctrip.com/hotel/50449842.html?isFull=F,,377
乐山爱泡温泉的佳佳公寓,https://hotels.ctrip.com/hotel/50474132.html?isFull=F,,359
乐山格蕾民宿,https://hotels.ctrip.com/hotel/43314363.html?isFull=F,,262
乐山熊玉琼公寓（雁翎街分店）,https://hotels.ctrip.com/hotel/57005388.html?isFull=F,,277
乐山缘木居·峨眉山·景区民宿NO.4,https://hotels.ctrip.com/hotel/55467264.html?isFull=F,,937
乐山温学梅公寓(2号店),https://hotels.ctrip.com/hotel/48006645.html?isFull=F,,777
乐山愉享家暖心精品民宿,https://hotels.ctrip.com/hotel/54730741.html?isFull=F,,288
乐山凡雨轩客栈,https://hotels.ctrip.com/hotel/53904200.html?isFull=F,,174
乐山陈雄公寓,https://hotels.ctrip.com/hotel/50449842.html?isFull=F,,377
乐山爱做梦の小白同学客栈(杜门街分店),https://hotels.ctrip.com/hotel/55220870.html?isFull=F,,176
乐山半斤和八两度假别墅(4号店),https://hotels.ctrip.com/hotel/45904005.html?isFull=F,,3134
乐山峨眉山悦山民宿(9号店),https://hotels.ctrip.com/hotel/50841223.html?isFull=F,,850
乐山丁香民宿-(峨洪路分店),https://hotels.ctrip.com/hotel/52630897.html?isFull=F,,265
峨眉山爱伊家家庭公寓,https://hotels.ctrip.com/hotel/6107091.html?isFull=F,,408
乐山让子弹飞度假别墅,https://hotels.ctrip.com/hotel/54734714.html?isFull=F,,1882
乐山万万的温馨之家公寓,https://hotels.ctrip.com/hotel/55236282.html?isFull=F,,253
乐山吴志国公寓,https://hotels.ctrip.com/hotel/56617863.html?isFull=F,,310
乐山续秋公寓(峨洪路店),https://hotels.ctrip.com/hotel/57913938.html?isFull=F,,144
乐山黄诗琦公寓,https://hotels.ctrip.com/hotel/56600869.html?isFull=F,,319
乐山峨眉山小兵文化驼铃民宿,https://hotels.ctrip.com/hotel/43347771.html?isFull=F,,321
乐山啊彭公寓,https://hotels.ctrip.com/hotel/52529840.html?isFull=F,,249
峨眉山龙九休闲庄,https://hotels.ctrip.com/hotel/26392689.html?isFull=F,,173
乐山溪间民宿,https://hotels.ctrip.com/hotel/50428229.html?isFull=F,,388
峨眉山芳茜苑休闲庄,https://hotels.ctrip.com/hotel/2167784.html?isFull=F,,341
峨眉山万年寺迎客轩酒店,https://hotels.ctrip.com/hotel/5981252.html?isFull=F,4.3,124
乐山然然馨家名宿公寓(燕青街分店),https://hotels.ctrip.com/hotel/54464814.html?isFull=F,,152
乐山随风飘落公寓,https://hotels.ctrip.com/hotel/43516793.html?isFull=F,,435
乐山峨眉山悦山民宿(8号店),https://hotels.ctrip.com/hotel/46045667.html?isFull=F,,829
乐山续秋公寓(峨洪路店),https://hotels.ctrip.com/hotel/57913938.html?isFull=F,,144
乐山黄诗琦公寓,https://hotels.ctrip.com/hotel/56600869.html?isFull=F,,319
乐山峨眉山小兵文化驼铃民宿,https://hotels.ctrip.com/hotel/43347771.html?isFull=F,,321
乐山啊彭公寓,https://hotels.ctrip.com/hotel/52529840.html?isFull=F,,249
乐山心静民宿(2号店),https://hotels.ctrip.com/hotel/43422941.html?isFull=F,,625
峨眉山龙九休闲庄,https://hotels.ctrip.com/hotel/26392689.html?isFull=F,,173
乐山溪间民宿,https://hotels.ctrip.com/hotel/50428229.html?isFull=F,,388
峨眉山芳茜苑休闲庄,https://hotels.ctrip.com/hotel/2167784.html?isFull=F,,341
峨眉山万年寺迎客轩酒店,https://hotels.ctrip.com/hotel/5981252.html?isFull=F,4.3,124
乐山归隐公寓(7号店),https://hotels.ctrip.com/hotel/56601203.html?isFull=F,,296
乐山然然馨家名宿公寓(燕青街分店),https://hotels.ctrip.com/hotel/54464814.html?isFull=F,,152
乐山震不碎的心公寓,https://hotels.ctrip.com/hotel/61101019.html?isFull=F,,667
乐山罗幺妹儿客栈,https://hotels.ctrip.com/hotel/43494929.html?isFull=F,,221
乐山卢珊珊公寓(报国路分店),https://hotels.ctrip.com/hotel/50481405.html?isFull=F,,176
乐山朱小一公寓,https://hotels.ctrip.com/hotel/50453016.html?isFull=F,,254
乐山同宿民宿,https://hotels.ctrip.com/hotel/58050653.html?isFull=F,,148
峨眉山晨曦苑,https://hotels.ctrip.com/hotel/2313816.html?isFull=F,,189
峨眉山金桐客栈,https://hotels.ctrip.com/hotel/6761715.html?isFull=F,,90
乐山钦燕平客栈,https://hotels.ctrip.com/hotel/61099650.html?isFull=F,,455
乐山梦之源客栈(峨洪路分店),https://hotels.ctrip.com/hotel/55719364.html?isFull=F,,419
乐山BeckyO客栈(峨洪路分店),https://hotels.ctrip.com/hotel/56366126.html?isFull=F,,612
乐山黄湾小镇雅居民宿,https://hotels.ctrip.com/hotel/52173398.html?isFull=F,,319
乐山峨眉山米畔民宿,https://hotels.ctrip.com/hotel/42713238.html?isFull=F,,176
乐山然然馨家名宿公寓(燕青街分店),https://hotels.ctrip.com/hotel/54464814.html?isFull=F,,152
乐山梁栩苾公寓(2号店),https://hotels.ctrip.com/hotel/43444950.html?isFull=F,,226
乐山震不碎的心公寓,https://hotels.ctrip.com/hotel/61101019.html?isFull=F,,667
乐山罗幺妹儿客栈,https://hotels.ctrip.com/hotel/43494929.html?isFull=F,,221
乐山卢珊珊公寓(报国路分店),https://hotels.ctrip.com/hotel/50481405.html?isFull=F,,176
乐山朱小一公寓,https://hotels.ctrip.com/hotel/50453016.html?isFull=F,,254
乐山同宿民宿,https://hotels.ctrip.com/hotel/58050653.html?isFull=F,,148
峨眉山晨曦苑,https://hotels.ctrip.com/hotel/2313816.html?isFull=F,,189
峨眉山金桐客栈,https://hotels.ctrip.com/hotel/6761715.html?isFull=F,,90
乐山钦燕平客栈,https://hotels.ctrip.com/hotel/61099650.html?isFull=F,,455
乐山梦之源客栈(峨洪路分店),https://hotels.ctrip.com/hotel/55719364.html?isFull=F,,419
乐山BeckyO客栈(峨洪路分店),https://hotels.ctrip.com/hotel/56366126.html?isFull=F,,612
乐山黄湾小镇雅居民宿,https://hotels.ctrip.com/hotel/52173398.html?isFull=F,,319
乐山峨眉山米畔民宿,https://hotels.ctrip.com/hotel/42713238.html?isFull=F,,176
乐山冬冬妹公寓(3号店),https://hotels.ctrip.com/hotel/43458264.html?isFull=F,,1136
乐山峨眉山上下进出口处售票大厅公寓,https://hotels.ctrip.com/hotel/50451558.html?isFull=F,,219
峨眉山半轮月山庄,https://hotels.ctrip.com/hotel/2242695.html?isFull=F,,207
峨眉山迎鸿酒店,https://hotels.ctrip.com/hotel/15336721.html?isFull=F,4.3,99
峨眉山玖零酒店,https://hotels.ctrip.com/hotel/4831598.html?isFull=T,3.5,69
乐山小羽118公寓,https://hotels.ctrip.com/hotel/52837571.html?isFull=F,,325
乐山陀飞轮公寓,https://hotels.ctrip.com/hotel/42205135.html?isFull=F,,426
乐山主Y公寓,https://hotels.ctrip.com/hotel/50489948.html?isFull=F,,372
乐山阅山度假小墅公寓(11号店),https://hotels.ctrip.com/hotel/52176511.html?isFull=F,,554
乐山子逸的小窝公寓(峨洪路分店),https://hotels.ctrip.com/hotel/54638288.html?isFull=F,,450
乐山峨眉山十方民宿,https://hotels.ctrip.com/hotel/50542018.html?isFull=F,,342
峨眉山迎鸿酒店,https://hotels.ctrip.com/hotel/15336721.html?isFull=F,4.3,99
峨眉山玖零酒店,https://hotels.ctrip.com/hotel/4831598.html?isFull=T,3.5,69
乐山小羽118公寓,https://hotels.ctrip.com/hotel/52837571.html?isFull=F,,325
乐山陀飞轮公寓,https://hotels.ctrip.com/hotel/42205135.html?isFull=F,,426
乐山主Y公寓,https://hotels.ctrip.com/hotel/50489948.html?isFull=F,,372
乐山阅山度假小墅公寓(11号店),https://hotels.ctrip.com/hotel/52176511.html?isFull=F,,554
乐山子逸的小窝公寓(峨洪路分店),https://hotels.ctrip.com/hotel/54638288.html?isFull=F,,450
乐山峨眉山十方民宿,https://hotels.ctrip.com/hotel/50542018.html?isFull=F,,342
乐山宁妹儿客栈,https://hotels.ctrip.com/hotel/52181840.html?isFull=F,,114
乐山太极人生张公寓,https://hotels.ctrip.com/hotel/51314020.html?isFull=F,,817
乐山陈来秀客栈,https://hotels.ctrip.com/hotel/52185727.html?isFull=F,,442
乐山峨眉山市朴宿公寓(3号店),https://hotels.ctrip.com/hotel/52944832.html?isFull=F,,193
乐山峨眉山温馨小屋,https://hotels.ctrip.com/hotel/50436357.html?isFull=F,,461
乐山夏木行旅度假别墅(保宁街分店),https://hotels.ctrip.com/hotel/49531942.html?isFull=F,,3292
乐山尹小弘公寓,https://hotels.ctrip.com/hotel/50466605.html?isFull=F,,556
乐山小马民宿(2号店),https://hotels.ctrip.com/hotel/52101551.html?isFull=F,,2906
乐山悠家乐山店公寓(2号店),https://hotels.ctrip.com/hotel/50543065.html?isFull=F,,921
乐山惜缘@公寓,https://hotels.ctrip.com/hotel/50516687.html?isFull=F,,309
乐山乐途居民宿(峨洪路分店),https://hotels.ctrip.com/hotel/54018331.html?isFull=F,,185
乐山原调公寓,https://hotels.ctrip.com/hotel/55765858.html?isFull=F,,222
乐山桃花屋民宿(峨眉蝶博物馆分店),https://hotels.ctrip.com/hotel/50485104.html?isFull=F,,215
乐山活泼的浪味仙公寓,https://hotels.ctrip.com/hotel/50482196.html?isFull=F,,263
乐山峨眉山初见山民宿(2号店),https://hotels.ctrip.com/hotel/50429239.html?isFull=F,,199
乐山罗幺妹儿公寓(峨洪路分店),https://hotels.ctrip.com/hotel/49879248.html?isFull=F,,355
乐山包佳辉公寓,https://hotels.ctrip.com/hotel/56601669.html?isFull=F,,339
乐山悠家（峨眉山10）公寓,https://hotels.ctrip.com/hotel/56602622.html?isFull=F,,460
乐山缦悦湾公寓,https://hotels.ctrip.com/hotel/43450597.html?isFull=F,,143
乐山活泼的浪味仙公寓,https://hotels.ctrip.com/hotel/50482196.html?isFull=F,,263
乐山峨眉山初见山民宿(2号店),https://hotels.ctrip.com/hotel/50429239.html?isFull=F,,199
乐山罗幺妹儿公寓(峨洪路分店),https://hotels.ctrip.com/hotel/49879248.html?isFull=F,,355
乐山包佳辉公寓,https://hotels.ctrip.com/hotel/56601669.html?isFull=F,,339
乐山驿路时光精品民宿(胜利大道北段分店),https://hotels.ctrip.com/hotel/54882051.html?isFull=F,,585
乐山迁宿....公寓(峨洪路分店),https://hotels.ctrip.com/hotel/54698545.html?isFull=F,,270
乐山AMGE63公寓,https://hotels.ctrip.com/hotel/53262398.html?isFull=F,,474
峨眉山久盼民宿,https://hotels.ctrip.com/hotel/55380343.html?isFull=F,,187
乐山好莱屋客栈,https://hotels.ctrip.com/hotel/54420784.html?isFull=F,,454
峨眉山梓园酒店,https://hotels.ctrip.com/hotel/1932429.html?isFull=F,4.1,127
乐山桃花屋民宿(峨洪路分店),https://hotels.ctrip.com/hotel/50774408.html?isFull=F,,179
乐山峨眉山游几间民宿(9号店),https://hotels.ctrip.com/hotel/59296793.html?isFull=F,,675
乐山安睿公寓,https://hotels.ctrip.com/hotel/43454386.html?isFull=F,,362
峨眉山静山居休闲庄,https://hotels.ctrip.com/hotel/8589184.html?isFull=F,,219
乐山峨眉山馨昀阁民宿(子午街分店),https://hotels.ctrip.com/hotel/54636646.html?isFull=F,,322
乐山青竹苑公寓(3号店),https://hotels.ctrip.com/hotel/56600994.html?isFull=F,,182
乐山山雨来公寓,https://hotels.ctrip.com/hotel/50748739.html?isFull=F,,411
峨眉山腾飞大酒店,https://hotels.ctrip.com/hotel/4835811.html?isFull=F,4.4,152
乐山熊月平公寓,https://hotels.ctrip.com/hotel/42703099.html?isFull=F,,415
乐山爱做梦の小白同学公寓(秀湖大道分店),https://hotels.ctrip.com/hotel/56227943.html?isFull=F,,282
乐山云雅公寓(峨洪路分店),https://hotels.ctrip.com/hotel/56618521.html?isFull=F,,156
乐山孙桂芳公寓,https://hotels.ctrip.com/hotel/54729958.html?isFull=F,,414
峨眉山龙云避暑山庄,https://hotels.ctrip.com/hotel/6853560.html?isFull=F,,425
乐山峨眉山馨昀阁民宿(子午街分店),https://hotels.ctrip.com/hotel/54636646.html?isFull=F,,322
乐山青竹苑公寓(3号店),https://hotels.ctrip.com/hotel/56600994.html?isFull=F,,182
乐山肖和公寓（僧门街店）,https://hotels.ctrip.com/hotel/43343687.html?isFull=F,,399
乐山山雨来公寓,https://hotels.ctrip.com/hotel/50748739.html?isFull=F,,411
乐山丁香民宿-,https://hotels.ctrip.com/hotel/52179320.html?isFull=F,,268
峨眉山腾飞大酒店,https://hotels.ctrip.com/hotel/4835811.html?isFull=F,4.4,152
乐山熊月平公寓,https://hotels.ctrip.com/hotel/42703099.html?isFull=F,,415
乐山爱做梦の小白同学公寓(秀湖大道分店),https://hotels.ctrip.com/hotel/56227943.html?isFull=F,,282
乐山云雅公寓(峨洪路分店),https://hotels.ctrip.com/hotel/56618521.html?isFull=F,,156
乐山孙桂芳公寓,https://hotels.ctrip.com/hotel/54729958.html?isFull=F,,414
峨眉山龙云避暑山庄,https://hotels.ctrip.com/hotel/6853560.html?isFull=F,,425
乐山爱伊家民宿(食为天美食街店),https://hotels.ctrip.com/hotel/53584889.html?isFull=F,,440
乐山西门吃鸡公寓,https://hotels.ctrip.com/hotel/43490210.html?isFull=F,,253
峨眉山见祥休闲庄,https://hotels.ctrip.com/hotel/2338845.html?isFull=F,,139
峨眉山神山圣水休闲庄,https://hotels.ctrip.com/hotel/1253083.html?isFull=F,,113
乐山悠家-民宿(23号店),https://hotels.ctrip.com/hotel/48315542.html?isFull=F,,445
乐山峨眉山归已民宿(2号店),https://hotels.ctrip.com/hotel/51049329.html?isFull=F,,195
乐山品宜休闲庄客栈,https://hotels.ctrip.com/hotel/57004500.html?isFull=F,,233
乐山峨眉山报国寺公寓,https://hotels.ctrip.com/hotel/54545334.html?isFull=F,,276
峨眉山顺丰旅社,https://hotels.ctrip.com/hotel/6757248.html?isFull=F,,67
乐山古镇民宿古镇民宿(峨洪路分店),https://hotels.ctrip.com/hotel/50448217.html?isFull=F,,150
乐山欧雅公寓(佛光西路店),https://hotels.ctrip.com/hotel/55924026.html?isFull=F,,396
乐山欧雅公寓(夏荷村分店),https://hotels.ctrip.com/hotel/55924030.html?isFull=F,,423
乐山沙塔精品客栈,https://hotels.ctrip.com/hotel/56972928.html?isFull=F,,146
乐山(茜茜)峨眉山七里坪半山度假公寓(峨洪路分店),https://hotels.ctrip.com/hotel/53221541.html?isFull=F,,553
乐山悠家-民宿(23号店),https://hotels.ctrip.com/hotel/48315542.html?isFull=F,,445
乐山峨眉山归已民宿(2号店),https://hotels.ctrip.com/hotel/51049329.html?isFull=F,,195
乐山品宜休闲庄客栈,https://hotels.ctrip.com/hotel/57004500.html?isFull=F,,233
乐山峨眉山报国寺公寓,https://hotels.ctrip.com/hotel/54545334.html?isFull=F,,276
乐山黄湾河畔美宿公寓,https://hotels.ctrip.com/hotel/45951101.html?isFull=F,,307
峨眉山顺丰旅社,https://hotels.ctrip.com/hotel/6757248.html?isFull=F,,67
乐山古镇民宿古镇民宿(峨洪路分店),https://hotels.ctrip.com/hotel/50448217.html?isFull=F,,150
乐山欧雅公寓(佛光西路店),https://hotels.ctrip.com/hotel/55924026.html?isFull=F,,396
乐山欧雅公寓(夏荷村分店),https://hotels.ctrip.com/hotel/55924030.html?isFull=F,,423
乐山沙塔精品客栈,https://hotels.ctrip.com/hotel/56972928.html?isFull=F,,146
乐山(茜茜)峨眉山七里坪半山度假公寓(峨洪路分店),https://hotels.ctrip.com/hotel/53221541.html?isFull=F,,553
乐山小粘家公寓(3号店),https://hotels.ctrip.com/hotel/52188227.html?isFull=F,,268
乐山峨眉时光民宿,https://hotels.ctrip.com/hotel/56659543.html?isFull=F,,152
乐山缘木居·峨眉山·景区民宿(7号店),https://hotels.ctrip.com/hotel/52623068.html?isFull=F,,342
乐山邓琳度假别墅,https://hotels.ctrip.com/hotel/48030730.html?isFull=F,,3800
乐山青竹苑特色民宿(2号店),https://hotels.ctrip.com/hotel/50506835.html?isFull=F,,147
乐山诗与远方A公寓,https://hotels.ctrip.com/hotel/56769100.html?isFull=F,,163
乐山故人居公寓,https://hotels.ctrip.com/hotel/51740572.html?isFull=F,,296
乐山方镭洁公寓,https://hotels.ctrip.com/hotel/57095107.html?isFull=F,,269
乐山峨眉山半山雲阁休闲庄,https://hotels.ctrip.com/hotel/5658820.html?isFull=F,,196
峨眉山王三姐休闲庄,https://hotels.ctrip.com/hotel/2282216.html?isFull=F,,110
乐山云舍云舒公寓(秀湖大道分店),https://hotels.ctrip.com/hotel/55475426.html?isFull=F,,313
峨眉山顺峰农家乐,https://hotels.ctrip.com/hotel/6484652.html?isFull=F,,200
峨眉山林森休闲庄,https://hotels.ctrip.com/hotel/6855272.html?isFull=F,,125
乐山彭老五农家乐,https://hotels.ctrip.com/hotel/29997596.html?isFull=F,,158
乐山诗与远方A公寓,https://hotels.ctrip.com/hotel/56769100.html?isFull=F,,163
乐山悠家峨眉山店2公寓,https://hotels.ctrip.com/hotel/50479218.html?isFull=F,,684
乐山故人居公寓,https://hotels.ctrip.com/hotel/51740572.html?isFull=F,,296
乐山方镭洁公寓,https://hotels.ctrip.com/hotel/57095107.html?isFull=F,,269
乐山峨眉山半山雲阁休闲庄,https://hotels.ctrip.com/hotel/5658820.html?isFull=F,,196
峨眉山王三姐休闲庄,https://hotels.ctrip.com/hotel/2282216.html?isFull=F,,110
乐山峨眉山四叶草民宿,https://hotels.ctrip.com/hotel/45902446.html?isFull=F,,178
乐山青竹苑特色民宿,https://hotels.ctrip.com/hotel/54467055.html?isFull=F,,110
乐山云舍云舒公寓(秀湖大道分店),https://hotels.ctrip.com/hotel/55475426.html?isFull=F,,313
乐山路客精品民宿BF5690,https://hotels.ctrip.com/hotel/49875192.html?isFull=F,,239
峨眉山顺峰农家乐,https://hotels.ctrip.com/hotel/6484652.html?isFull=F,,200
峨眉山林森休闲庄,https://hotels.ctrip.com/hotel/6855272.html?isFull=F,,125
乐山彭老五农家乐,https://hotels.ctrip.com/hotel/29997596.html?isFull=F,,158
乐山爱之家888公寓,https://hotels.ctrip.com/hotel/53489941.html?isFull=F,,210
乐山梁家辉客栈,https://hotels.ctrip.com/hotel/57095237.html?isFull=F,,269
峨眉山怡情山水酒家,https://hotels.ctrip.com/hotel/2116296.html?isFull=F,4.1,139
乐山中峰别院,https://hotels.ctrip.com/hotel/8903108.html?isFull=F,,432
峨眉山天天酒店,https://hotels.ctrip.com/hotel/30843210.html?isFull=F,,55
峨眉山海天客栈,https://hotels.ctrip.com/hotel/40798323.html?isFull=F,,161
峨眉山怡蓝民宿,https://hotels.ctrip.com/hotel/37944865.html?isFull=F,,142
峨眉山红叶酒店,https://hotels.ctrip.com/hotel/1932455.html?isFull=F,4.0,119
峨眉山清乐旅店,https://hotels.ctrip.com/hotel/2116332.html?isFull=F,4.0,98
峨眉山仙鹤楼酒店,https://hotels.ctrip.com/hotel/1073174.html?isFull=F,,104
峨眉山榄翠居客栈,https://hotels.ctrip.com/hotel/2010867.html?isFull=F,,125
峨眉山华怡山庄,https://hotels.ctrip.com/hotel/36334891.html?isFull=F,,204
峨眉山香缘休闲庄,https://hotels.ctrip.com/hotel/4829389.html?isFull=F,,108
峨眉山中峰休闲庄,https://hotels.ctrip.com/hotel/2459001.html?isFull=F,,192
峨眉山天鹅大酒店,https://hotels.ctrip.com/hotel/4826409.html?isFull=F,,117
乐山峨眉万兴酒家,https://hotels.ctrip.com/hotel/1947576.html?isFull=F,,102
乐山停留民宿,https://hotels.ctrip.com/hotel/17329802.html?isFull=F,,296
峨眉山家苑商务酒店,https://hotels.ctrip.com/hotel/5266763.html?isFull=F,3.6,90
峨眉山忆年华民宿,https://hotels.ctrip.com/hotel/28427850.html?isFull=F,,317
峨眉山蜀秀山庄,https://hotels.ctrip.com/hotel/24364799.html?isFull=F,,221
峨眉山叶仕招待所,https://hotels.ctrip.com/hotel/13697665.html?isFull=F,,55
峨眉山雅梦阁酒店,https://hotels.ctrip.com/hotel/8668130.html?isFull=F,,166
峨眉山艺雅酒店,https://hotels.ctrip.com/hotel/1919688.html?isFull=F,,198
峨眉山兴福旅饭店,https://hotels.ctrip.com/hotel/1368800.html?isFull=F,,148
峨眉山情缘休闲庄,https://hotels.ctrip.com/hotel/2310767.html?isFull=F,,186
峨眉山百家福民宿,https://hotels.ctrip.com/hotel/28647221.html?isFull=F,,131
峨眉山玉娥山庄,https://hotels.ctrip.com/hotel/4826105.html?isFull=F,,254
峨眉山风情之家客栈,https://hotels.ctrip.com/hotel/6812465.html?isFull=F,,450
峨眉山峨溪秋月山庄,https://hotels.ctrip.com/hotel/2239264.html?isFull=F,,238
峨眉山寅瑞酒店,https://hotels.ctrip.com/hotel/1004505.html?isFull=F,,159
峨眉山镜湖山庄,https://hotels.ctrip.com/hotel/916265.html?isFull=F,,256
峨眉山山归十里民宿,https://hotels.ctrip.com/hotel/46128769.html?isFull=F,,154
峨眉山大坪休闲庄,https://hotels.ctrip.com/hotel/2279872.html?isFull=F,,131
乐山峪水湾客栈(十方普贤分店),https://hotels.ctrip.com/hotel/62381891.html?isFull=F,,219
乐山隐居繁华老板公寓,https://hotels.ctrip.com/hotel/61638304.html?isFull=F,,146
乐山李海容客栈(峨洪路分店),https://hotels.ctrip.com/hotel/61767419.html?isFull=F,,415
峨眉山育贤旅社,https://hotels.ctrip.com/hotel/6853687.html?isFull=F,,87
乐山李海容客栈(峨洪路分店),https://hotels.ctrip.com/hotel/61767419.html?isFull=F,,415
峨眉山育贤旅社,https://hotels.ctrip.com/hotel/6853687.html?isFull=F,,87
峨眉山清音雅舍,https://hotels.ctrip.com/hotel/21808105.html?isFull=T,4.9,234
峨眉山灵栖院子酒店,https://hotels.ctrip.com/hotel/48583845.html?isFull=T,4.8,121
